District,District Number,TEA District Type,TEA Description,NCES District Type,NCES Description,Charter School (Y/N)
A W BROWN LEADERSHIP ACADEMY,57816,I,Charter School Districts,11,City-Large,Y
A+ ACADEMY,57829,I,Charter School Districts,11,City-Large,Y
A+ UNLIMITED POTENTIAL,101871,I,Charter School Districts,11,City-Large,Y
ABBOTT ISD,109901,H,Rural,42,Rural-Distant,N
ABERNATHY ISD,95901,H,Rural,31,Town-Fringe,N
ABILENE ISD,221901,C,Other Central City,12,City-Midsize,N
ACADEMY FOR ACADEMIC EXCELLENCE,57814,I,Charter School Districts,11,City-Large,Y
ACADEMY ISD,14901,F,Non-metropolitan Fast Growing,41,Rural-Fringe,N
ACADEMY OF ACCELERATED LEARNING IN,101810,I,Charter School Districts,11,City-Large,Y
ACADEMY OF DALLAS,57810,I,Charter School Districts,11,City-Large,Y
ACCELERATED INTERMEDIATE ACADEMY,101849,I,Charter School Districts,11,City-Large,Y
ADRIAN ISD,180903,H,Rural,43,Rural-Remote,N
ADVANTAGE ACADEMY,57806,I,Charter School Districts,21,Suburb-Large,Y
AGUA DULCE ISD,178901,H,Rural,42,Rural-Distant,N
ALAMO HEIGHTS ISD,15901,B,Major Suburban,11,City-Large,N
ALBA-GOLDEN ISD,250906,H,Rural,42,Rural-Distant,N
ALBANY ISD,209901,H,Rural,43,Rural-Remote,N
ALDINE ISD,101902,B,Major Suburban,21,Suburb-Large,N
ALEDO ISD,184907,B,Major Suburban,31,Town-Fringe,N
ALICE ISD,125901,E,Independent Town,32,Town-Distant,N
ALIEF ISD,101903,B,Major Suburban,11,City-Large,N
ALIEF MONTESSORI COMMUNITY SCHOOL,101815,I,Charter School Districts,11,City-Large,Y
ALLEN ISD,43901,D,Other Central City Suburban,21,Suburb-Large,N
ALPINE ISD,22901,G,Non-metropolitan Stable,33,Town-Remote,N
ALTO ISD,37901,H,Rural,42,Rural-Distant,N
ALVARADO ISD,126901,D,Other Central City Suburban,41,Rural-Fringe,N
ALVIN ISD,20901,B,Major Suburban,21,Suburb-Large,N
ALVORD ISD,249901,H,Rural,42,Rural-Distant,N
AMARILLO ISD,188901,C,Other Central City,12,City-Midsize,N
AMBASSADORS PREPARATORY ACADEMY,84804,I,Charter School Districts,31,Town-Fringe,Y
AMHERST ISD,140901,H,Rural,42,Rural-Distant,N
AMIGOS POR VIDA-FRIENDS FOR LIFE P,101819,I,Charter School Districts,11,City-Large,Y
ANAHUAC ISD,36901,D,Other Central City Suburban,42,Rural-Distant,N
ANDERSON-SHIRO CISD,93901,E,Independent Town,42,Rural-Distant,N
ANDREWS ISD,2901,D,Other Central City Suburban,32,Town-Distant,N
ANGLETON ISD,20902,D,Other Central City Suburban,41,Rural-Fringe,N
ANNA ISD,43902,F,Non-metropolitan Fast Growing,31,Town-Fringe,N
ANSON ISD,127901,H,Rural,42,Rural-Distant,N
ANTHONY ISD,71906,H,Rural,21,Suburb-Large,N
ANTON ISD,110901,H,Rural,42,Rural-Distant,N
APPLE SPRINGS ISD,228905,H,Rural,42,Rural-Distant,N
AQUILLA ISD,109912,H,Rural,42,Rural-Distant,N
ARANSAS COUNTY ISD,4901,E,Independent Town,32,Town-Distant,N
ARANSAS PASS ISD,205901,D,Other Central City Suburban,31,Town-Fringe,N
ARCHER CITY ISD,5901,H,Rural,42,Rural-Distant,N
ARGYLE ISD,61910,D,Other Central City Suburban,41,Rural-Fringe,N
ARISTOI CLASSICAL ACADEMY,101803,I,Charter School Districts,21,Suburb-Large,Y
ARLINGTON CLASSICS ACADEMY,220802,I,Charter School Districts,11,City-Large,Y
ARLINGTON ISD,220901,A,Major Urban,11,City-Large,N
ARP ISD,212901,G,Non-metropolitan Stable,42,Rural-Distant,N
ARROW ACADEMY,21805,I,Charter School Districts,11,City-Large,Y
ASPERMONT ISD,217901,H,Rural,43,Rural-Remote,N
ATHENS ISD,107901,E,Independent Town,32,Town-Distant,N
ATLANTA ISD,34901,E,Independent Town,32,Town-Distant,N
AUBREY ISD,61907,D,Other Central City Suburban,41,Rural-Fringe,N
AUSTIN ACHIEVE PUBLIC SCHOOLS,227825,I,Charter School Districts,11,City-Large,Y
AUSTIN DISCOVERY SCHOOL,227821,I,Charter School Districts,11,City-Large,Y
AUSTIN ISD,227901,A,Major Urban,11,City-Large,N
AUSTWELL-TIVOLI ISD,196901,H,Rural,42,Rural-Distant,N
AVALON ISD,70901,F,Non-metropolitan Fast Growing,42,Rural-Distant,N
AVERY ISD,194902,H,Rural,43,Rural-Remote,N
AVINGER ISD,34902,H,Rural,42,Rural-Distant,N
AXTELL ISD,161918,H,Rural,42,Rural-Distant,N
AZLE ISD,220915,B,Major Suburban,21,Suburb-Large,N
BAIRD ISD,30903,H,Rural,42,Rural-Distant,N
BALLINGER ISD,200901,G,Non-metropolitan Stable,41,Rural-Fringe,N
BALMORHEA ISD,195902,H,Rural,43,Rural-Remote,N
BANDERA ISD,10902,B,Major Suburban,42,Rural-Distant,N
BANGS ISD,25901,G,Non-metropolitan Stable,42,Rural-Distant,N
BANQUETE ISD,178913,G,Non-metropolitan Stable,42,Rural-Distant,N
BARBERS HILL ISD,36902,D,Other Central City Suburban,41,Rural-Fringe,N
BARTLETT ISD,14902,H,Rural,32,Town-Distant,N
BASIS TEXAS,15834,I,Charter School Districts,11,City-Large,Y
BASTROP ISD,11901,E,Independent Town,42,Rural-Distant,N
BAY CITY ISD,158901,E,Independent Town,32,Town-Distant,N
BEATRICE MAYES INSTITUTE CHARTER S,101847,I,Charter School Districts,11,City-Large,Y
BEAUMONT ISD,123910,C,Other Central City,12,City-Midsize,N
BECKVILLE ISD,183901,H,Rural,42,Rural-Distant,N
BEEVILLE ISD,13901,E,Independent Town,32,Town-Distant,N
BELLEVUE ISD,39904,H,Rural,42,Rural-Distant,N
BELLS ISD,91901,H,Rural,42,Rural-Distant,N
BELLVILLE ISD,8901,E,Independent Town,32,Town-Distant,N
BELTON ISD,14903,D,Other Central City Suburban,23,Suburb-Small,N
BEN BOLT-PALITO BLANCO ISD,125902,H,Rural,42,Rural-Distant,N
BENAVIDES ISD,66901,H,Rural,43,Rural-Remote,N
BENJAMIN ISD,138904,H,Rural,43,Rural-Remote,N
BETA ACADEMY,101870,I,Charter School Districts,11,City-Large,Y
BEXAR COUNTY ACADEMY,15809,I,Charter School Districts,11,City-Large,Y
BIG SANDY ISD,187901,H,Rural,43,Rural-Remote,N
BIG SANDY ISD,230901,H,Rural,42,Rural-Distant,N
BIG SPRING ISD,114901,E,Independent Town,32,Town-Distant,N
BIG SPRINGS CHARTER SCHOOL,193801,I,Charter School Districts,43,Rural-Remote,Y
BIRDVILLE ISD,220902,B,Major Suburban,21,Suburb-Large,N
BISHOP CISD,178902,G,Non-metropolitan Stable,32,Town-Distant,N
BLACKWELL CISD,177903,H,Rural,43,Rural-Remote,N
BLANCO ISD,16902,G,Non-metropolitan Stable,42,Rural-Distant,N
BLAND ISD,116915,H,Rural,42,Rural-Distant,N
BLANKET ISD,25904,H,Rural,42,Rural-Distant,N
BLOOMBURG ISD,34909,H,Rural,42,Rural-Distant,N
BLOOMING GROVE ISD,175902,D,Other Central City Suburban,42,Rural-Distant,N
BLOOMINGTON ISD,235901,H,Rural,42,Rural-Distant,N
BLUE RIDGE ISD,43917,F,Non-metropolitan Fast Growing,42,Rural-Distant,N
BLUFF DALE ISD,72904,H,Rural,43,Rural-Remote,N
BLUM ISD,109913,H,Rural,42,Rural-Distant,N
BOB HOPE SCHOOL,123807,I,Charter School Districts,13,City-Small,Y
BOERNE ISD,130901,B,Major Suburban,41,Rural-Fringe,N
BOLES ISD,116916,H,Rural,41,Rural-Fringe,N
BOLING ISD,241901,D,Other Central City Suburban,42,Rural-Distant,N
BONHAM ISD,74903,E,Independent Town,32,Town-Distant,N
BOOKER ISD,148901,H,Rural,43,Rural-Remote,N
BORDEN COUNTY ISD,17901,H,Rural,43,Rural-Remote,N
BORGER ISD,117901,G,Non-metropolitan Stable,32,Town-Distant,N
BOSQUEVILLE ISD,161923,H,Rural,41,Rural-Fringe,N
BOVINA ISD,185901,H,Rural,43,Rural-Remote,N
BOWIE ISD,169901,G,Non-metropolitan Stable,33,Town-Remote,N
BOYD ISD,249902,G,Non-metropolitan Stable,42,Rural-Distant,N
BOYS RANCH ISD,180901,H,Rural,43,Rural-Remote,N
BRACKETT ISD,136901,H,Rural,33,Town-Remote,N
BRADY ISD,160901,G,Non-metropolitan Stable,41,Rural-Fringe,N
BRAZOS ISD,8903,H,Rural,42,Rural-Distant,N
BRAZOS RIVER CHARTER SCHOOL,213801,I,Charter School Districts,42,Rural-Distant,Y
BRAZOS SCHOOL FOR INQUIRY & CREATI,21803,I,Charter School Districts,11,City-Large,Y
BRAZOSPORT ISD,20905,C,Other Central City,23,Suburb-Small,N
BRECKENRIDGE ISD,215901,G,Non-metropolitan Stable,33,Town-Remote,N
BREMOND ISD,198901,H,Rural,43,Rural-Remote,N
BRENHAM ISD,239901,E,Independent Town,32,Town-Distant,N
BRIDGE CITY ISD,181901,G,Non-metropolitan Stable,41,Rural-Fringe,N
BRIDGEPORT ISD,249903,G,Non-metropolitan Stable,41,Rural-Fringe,N
BRIDGEWAY PREPARATORY ACADEMY,57851,N/A,N/A,N/A,N/A,Y
BROADDUS ISD,203902,H,Rural,43,Rural-Remote,N
BROCK ISD,184909,D,Other Central City Suburban,42,Rural-Distant,N
BRONTE ISD,41901,H,Rural,43,Rural-Remote,N
BROOKELAND ISD,121902,H,Rural,43,Rural-Remote,N
BROOKESMITH ISD,25908,H,Rural,43,Rural-Remote,N
BROOKS ACADEMY OF SCIENCE AND ENGI,15830,I,Charter School Districts,11,City-Large,Y
BROOKS COUNTY ISD,24901,D,Other Central City Suburban,33,Town-Remote,N
BROWNFIELD ISD,223901,G,Non-metropolitan Stable,32,Town-Distant,N
BROWNSBORO ISD,107902,D,Other Central City Suburban,42,Rural-Distant,N
BROWNSVILLE ISD,31901,C,Other Central City,12,City-Midsize,N
BROWNWOOD ISD,25902,E,Independent Town,33,Town-Remote,N
BRUCEVILLE-EDDY ISD,161919,H,Rural,42,Rural-Distant,N
BRYAN ISD,21902,C,Other Central City,13,City-Small,N
BRYSON ISD,119901,H,Rural,43,Rural-Remote,N
BUCKHOLTS ISD,166907,H,Rural,42,Rural-Distant,N
BUENA VISTA ISD,186901,H,Rural,43,Rural-Remote,N
BUFFALO ISD,145901,G,Non-metropolitan Stable,43,Rural-Remote,N
BULLARD ISD,212902,D,Other Central City Suburban,41,Rural-Fringe,N
BUNA ISD,121903,G,Non-metropolitan Stable,42,Rural-Distant,N
BURKBURNETT ISD,243901,D,Other Central City Suburban,31,Town-Fringe,N
BURKEVILLE ISD,176901,H,Rural,43,Rural-Remote,N
BURLESON ISD,126902,C,Other Central City,21,Suburb-Large,N
BURNET CISD,27903,D,Other Central City Suburban,41,Rural-Fringe,N
BURNHAM WOOD CHARTER SCHOOL DISTRI,71801,I,Charter School Districts,11,City-Large,Y
BURTON ISD,239903,F,Non-metropolitan Fast Growing,42,Rural-Distant,N
BUSHLAND ISD,188904,D,Other Central City Suburban,41,Rural-Fringe,N
BYNUM ISD,109902,H,Rural,42,Rural-Distant,N
CADDO MILLS ISD,116901,G,Non-metropolitan Stable,42,Rural-Distant,N
CALALLEN ISD,178903,G,Non-metropolitan Stable,11,City-Large,N
CALDWELL ISD,26901,D,Other Central City Suburban,41,Rural-Fringe,N
CALHOUN COUNTY ISD,29901,G,Non-metropolitan Stable,32,Town-Distant,N
CALLISBURG ISD,49905,G,Non-metropolitan Stable,42,Rural-Distant,N
CALVERT ISD,198902,H,Rural,42,Rural-Distant,N
CALVIN NELMS CHARTER SCHOOLS,101837,I,Charter School Districts,21,Suburb-Large,Y
CAMERON ISD,166901,E,Independent Town,41,Rural-Fringe,N
CAMPBELL ISD,116910,H,Rural,42,Rural-Distant,N
CANADIAN ISD,106901,G,Non-metropolitan Stable,33,Town-Remote,N
CANTON ISD,234902,E,Independent Town,32,Town-Distant,N
CANUTILLO ISD,71907,B,Major Suburban,11,City-Large,N
CANYON ISD,191901,C,Other Central City,12,City-Midsize,N
CARLISLE ISD,201913,H,Rural,42,Rural-Distant,N
CARPE DIEM SCHOOLS,15837,I,Charter School Districts,11,City-Large,Y
CARRIZO SPRINGS CISD,64903,D,Other Central City Suburban,33,Town-Remote,N
CARROLL ISD,220919,B,Major Suburban,21,Suburb-Large,N
CARROLLTON-FARMERS BRANCH ISD,57903,B,Major Suburban,21,Suburb-Large,N
CARTHAGE ISD,183902,G,Non-metropolitan Stable,32,Town-Distant,N
CASTLEBERRY ISD,220917,B,Major Suburban,21,Suburb-Large,N
CAYUGA ISD,1902,H,Rural,43,Rural-Remote,N
CEDAR HILL ISD,57904,B,Major Suburban,21,Suburb-Large,N
CEDARS INTERNATIONAL ACADEMY,227817,I,Charter School Districts,11,City-Large,Y
CELESTE ISD,116902,H,Rural,42,Rural-Distant,N
CELINA ISD,43903,F,Non-metropolitan Fast Growing,41,Rural-Fringe,N
CENTER ISD,210901,G,Non-metropolitan Stable,33,Town-Remote,N
CENTER POINT ISD,133901,H,Rural,42,Rural-Distant,N
CENTERVILLE ISD,145902,H,Rural,43,Rural-Remote,N
CENTERVILLE ISD,228904,H,Rural,43,Rural-Remote,N
CENTRAL HEIGHTS ISD,174908,G,Non-metropolitan Stable,41,Rural-Fringe,N
CENTRAL ISD,3907,G,Non-metropolitan Stable,41,Rural-Fringe,N
CHANNELVIEW ISD,101905,B,Major Suburban,21,Suburb-Large,N
CHANNING ISD,103901,H,Rural,43,Rural-Remote,N
CHAPARRAL STAR ACADEMY,227814,I,Charter School Districts,21,Suburb-Large,Y
CHAPEL HILL ACADEMY,220815,I,Charter School Districts,11,City-Large,Y
CHAPEL HILL ISD,212909,D,Other Central City Suburban,41,Rural-Fringe,N
CHAPEL HILL ISD,225906,G,Non-metropolitan Stable,42,Rural-Distant,N
CHARLOTTE ISD,7901,H,Rural,42,Rural-Distant,N
CHEROKEE ISD,206903,H,Rural,43,Rural-Remote,N
CHESTER ISD,229906,H,Rural,43,Rural-Remote,N
CHICO ISD,249904,H,Rural,42,Rural-Distant,N
CHILDRESS ISD,38901,G,Non-metropolitan Stable,33,Town-Remote,N
CHILLICOTHE ISD,99902,H,Rural,43,Rural-Remote,N
CHILTON ISD,73901,H,Rural,42,Rural-Distant,N
CHINA SPRING ISD,161920,D,Other Central City Suburban,41,Rural-Fringe,N
CHIRENO ISD,174901,H,Rural,43,Rural-Remote,N
CHISUM ISD,139905,G,Non-metropolitan Stable,41,Rural-Fringe,N
CHRISTOVAL ISD,226901,H,Rural,42,Rural-Distant,N
CISCO ISD,67902,H,Rural,33,Town-Remote,N
CITY VIEW ISD,243906,D,Other Central City Suburban,12,City-Midsize,N
CITYSCAPE SCHOOLS,57841,I,Charter School Districts,11,City-Large,Y
CLARENDON ISD,65901,H,Rural,43,Rural-Remote,N
CLARKSVILLE ISD,194904,H,Rural,33,Town-Remote,N
CLAUDE ISD,6902,H,Rural,42,Rural-Distant,N
CLEAR CREEK ISD,84910,B,Major Suburban,21,Suburb-Large,N
CLEBURNE ISD,126903,D,Other Central City Suburban,41,Rural-Fringe,N
CLEVELAND ISD,146901,D,Other Central City Suburban,31,Town-Fringe,N
CLIFTON ISD,18901,G,Non-metropolitan Stable,32,Town-Distant,N
CLINT ISD,71901,B,Major Suburban,21,Suburb-Large,N
CLYDE CISD,30902,D,Other Central City Suburban,32,Town-Distant,N
COAHOMA ISD,114902,G,Non-metropolitan Stable,42,Rural-Distant,N
COLDSPRING-OAKHURST CISD,204901,E,Independent Town,42,Rural-Distant,N
COLEMAN ISD,42901,H,Rural,33,Town-Remote,N
COLLEGE STATION ISD,21901,C,Other Central City,12,City-Midsize,N
COLLINSVILLE ISD,91902,H,Rural,42,Rural-Distant,N
COLMESNEIL ISD,229901,H,Rural,42,Rural-Distant,N
COLORADO ISD,168901,G,Non-metropolitan Stable,41,Rural-Fringe,N
COLUMBIA-BRAZORIA ISD,20907,D,Other Central City Suburban,32,Town-Distant,N
COLUMBUS ISD,45902,G,Non-metropolitan Stable,33,Town-Remote,N
COMAL ISD,46902,B,Major Suburban,41,Rural-Fringe,N
COMANCHE ISD,47901,G,Non-metropolitan Stable,41,Rural-Fringe,N
COMFORT ISD,130902,E,Independent Town,32,Town-Distant,N
COMMERCE ISD,116903,G,Non-metropolitan Stable,41,Rural-Fringe,N
COMMUNITY ISD,43918,F,Non-metropolitan Fast Growing,41,Rural-Fringe,N
COMO-PICKTON CISD,112908,H,Rural,42,Rural-Distant,N
COMPASS ACADEMY CHARTER SCHOOL,68802,I,Charter School Districts,12,City-Midsize,Y
COMPASS ROSE ACADEMY,15838,I,Charter School Districts,11,City-Large,Y
COMQUEST ACADEMY,101842,I,Charter School Districts,21,Suburb-Large,Y
COMSTOCK ISD,233903,H,Rural,43,Rural-Remote,N
CONNALLY ISD,161921,D,Other Central City Suburban,22,Suburb-Midsize,N
CONROE ISD,170902,C,Other Central City,13,City-Small,N
COOLIDGE ISD,147901,H,Rural,42,Rural-Distant,N
COOPER ISD,60902,H,Rural,43,Rural-Remote,N
COPPELL ISD,57922,B,Major Suburban,21,Suburb-Large,N
COPPERAS COVE ISD,50910,D,Other Central City Suburban,22,Suburb-Midsize,N
CORPUS CHRISTI ISD,178904,C,Other Central City,11,City-Large,N
CORPUS CHRISTI MONTESSORI SCHOOL,178807,I,Charter School Districts,11,City-Large,Y
CORRIGAN-CAMDEN ISD,187904,H,Rural,43,Rural-Remote,N
CORSICANA ISD,175903,D,Other Central City Suburban,32,Town-Distant,N
COTTON CENTER ISD,95902,H,Rural,42,Rural-Distant,N
COTULLA ISD,142901,D,Other Central City Suburban,33,Town-Remote,N
COUPLAND ISD,246914,H,Rural,42,Rural-Distant,N
COVINGTON ISD,109903,H,Rural,42,Rural-Distant,N
CRANDALL ISD,129901,B,Major Suburban,41,Rural-Fringe,N
CRANE ISD,52901,D,Other Central City Suburban,32,Town-Distant,N
CRANFILLS GAP ISD,18908,H,Rural,43,Rural-Remote,N
CRAWFORD ISD,161901,H,Rural,42,Rural-Distant,N
CROCKETT COUNTY CONSOLIDATED CSD,53001,H,Rural,33,Town-Remote,N
CROCKETT ISD,113901,G,Non-metropolitan Stable,33,Town-Remote,N
CROSBY ISD,101906,B,Major Suburban,41,Rural-Fringe,N
CROSBYTON CISD,54901,H,Rural,43,Rural-Remote,N
CROSS PLAINS ISD,30901,H,Rural,43,Rural-Remote,N
CROSS ROADS ISD,107904,H,Rural,42,Rural-Distant,N
CROSSTIMBERS ACADEMY,184801,I,Charter School Districts,41,Rural-Fringe,Y
CROWELL ISD,78901,H,Rural,43,Rural-Remote,N
CROWLEY ISD,220912,B,Major Suburban,11,City-Large,N
CRYSTAL CITY ISD,254901,G,Non-metropolitan Stable,33,Town-Remote,N
CUERO ISD,62901,G,Non-metropolitan Stable,32,Town-Distant,N
CULBERSON COUNTY-ALLAMOORE ISD,55901,H,Rural,43,Rural-Remote,N
CUMBERLAND ACADEMY,212801,I,Charter School Districts,12,City-Midsize,Y
CUMBY ISD,112905,H,Rural,42,Rural-Distant,N
CUSHING ISD,174902,H,Rural,43,Rural-Remote,N
CYPRESS-FAIRBANKS ISD,101907,B,Major Suburban,21,Suburb-Large,N
D'HANIS ISD,163902,H,Rural,42,Rural-Distant,N
DAINGERFIELD-LONE STAR ISD,172902,G,Non-metropolitan Stable,32,Town-Distant,N
DALHART ISD,56901,G,Non-metropolitan Stable,41,Rural-Fringe,N
DALLAS ISD,57905,A,Major Urban,11,City-Large,N
DAMON ISD,20910,H,Rural,42,Rural-Distant,N
DANBURY ISD,20904,H,Rural,41,Rural-Fringe,N
DARROUZETT ISD,148905,H,Rural,43,Rural-Remote,N
DAWSON ISD,58902,H,Rural,43,Rural-Remote,N
DAWSON ISD,175904,H,Rural,43,Rural-Remote,N
DAYTON ISD,146902,E,Independent Town,32,Town-Distant,N
DE LEON ISD,47902,H,Rural,43,Rural-Remote,N
DECATUR ISD,249905,E,Independent Town,32,Town-Distant,N
DEER PARK ISD,101908,B,Major Suburban,21,Suburb-Large,N
DEKALB ISD,19901,H,Rural,42,Rural-Distant,N
DEL VALLE ISD,227910,B,Major Suburban,41,Rural-Fringe,N
DELL CITY ISD,115903,H,Rural,43,Rural-Remote,N
DENISON ISD,91903,D,Other Central City Suburban,13,City-Small,N
DENTON ISD,61901,C,Other Central City,12,City-Midsize,N
DENVER CITY ISD,251901,G,Non-metropolitan Stable,33,Town-Remote,N
DESOTO ISD,57906,B,Major Suburban,21,Suburb-Large,N
DETROIT ISD,194905,H,Rural,43,Rural-Remote,N
DEVERS ISD,146903,H,Rural,42,Rural-Distant,N
DEVINE ISD,163901,E,Independent Town,41,Rural-Fringe,N
DEW ISD,81906,H,Rural,42,Rural-Distant,N
DEWEYVILLE ISD,176903,H,Rural,42,Rural-Distant,N
DIBOLL ISD,3905,G,Non-metropolitan Stable,33,Town-Remote,N
DICKINSON ISD,84901,C,Other Central City,22,Suburb-Midsize,N
DILLEY ISD,82902,G,Non-metropolitan Stable,33,Town-Remote,N
DIME BOX ISD,144903,H,Rural,43,Rural-Remote,N
DIMMITT ISD,35901,D,Other Central City Suburban,33,Town-Remote,N
DIVIDE ISD,133905,H,Rural,43,Rural-Remote,N
DODD CITY ISD,74904,H,Rural,42,Rural-Distant,N
DONNA ISD,108902,D,Other Central City Suburban,21,Suburb-Large,N
DOSS CONSOLIDATED CSD,86024,H,Rural,43,Rural-Remote,N
DOUGLASS ISD,174911,F,Non-metropolitan Fast Growing,43,Rural-Remote,N
DR M L GARZA-GONZALEZ CHARTER SCHO,178801,I,Charter School Districts,11,City-Large,Y
DRAW ACADEMY,101856,I,Charter School Districts,11,City-Large,Y
DRIPPING SPRINGS ISD,105904,B,Major Suburban,42,Rural-Distant,N
DRISCOLL ISD,178905,H,Rural,42,Rural-Distant,N
DUBLIN ISD,72902,G,Non-metropolitan Stable,41,Rural-Fringe,N
DUMAS ISD,171901,G,Non-metropolitan Stable,33,Town-Remote,N
DUNCANVILLE ISD,57907,B,Major Suburban,21,Suburb-Large,N
EAGLE MT-SAGINAW ISD,220918,B,Major Suburban,11,City-Large,N
EAGLE PASS ISD,159901,D,Other Central City Suburban,33,Town-Remote,N
EANES ISD,227909,B,Major Suburban,21,Suburb-Large,N
EARLY ISD,25909,G,Non-metropolitan Stable,33,Town-Remote,N
EAST BERNARD ISD,241902,D,Other Central City Suburban,42,Rural-Distant,N
EAST CENTRAL ISD,15911,B,Major Suburban,41,Rural-Fringe,N
EAST CHAMBERS ISD,36903,E,Independent Town,32,Town-Distant,N
EAST FORT WORTH MONTESSORI ACADEMY,220811,I,Charter School Districts,11,City-Large,Y
EAST TEXAS CHARTER SCHOOLS,92801,I,Charter School Districts,13,City-Small,Y
EASTLAND ISD,67903,G,Non-metropolitan Stable,33,Town-Remote,N
ECTOR COUNTY ISD,68901,C,Other Central City,12,City-Midsize,N
ECTOR ISD,74905,H,Rural,41,Rural-Fringe,N
EDCOUCH-ELSA ISD,108903,D,Other Central City Suburban,21,Suburb-Large,N
EDEN CISD,48901,H,Rural,43,Rural-Remote,N
EDGEWOOD ISD,15905,B,Major Suburban,11,City-Large,N
EDGEWOOD ISD,234903,G,Non-metropolitan Stable,42,Rural-Distant,N
EDINBURG CISD,108904,C,Other Central City,13,City-Small,N
EDNA ISD,120901,G,Non-metropolitan Stable,41,Rural-Fringe,N
EDUCATION CENTER INTERNATIONAL ACA,57833,I,Charter School Districts,21,Suburb-Large,Y
EHRHART SCHOOL,123805,I,Charter School Districts,12,City-Midsize,Y
EL CAMPO ISD,241903,E,Independent Town,32,Town-Distant,N
EL PASO ACADEMY,71804,I,Charter School Districts,11,City-Large,Y
EL PASO ISD,71902,A,Major Urban,11,City-Large,N
EL PASO LEADERSHIP ACADEMY,71810,I,Charter School Districts,11,City-Large,Y
ELEANOR KOLITZ HEBREW LANGUAGE ACA,15836,I,Charter School Districts,11,City-Large,Y
ELECTRA ISD,243902,H,Rural,32,Town-Distant,N
ELGIN ISD,11902,G,Non-metropolitan Stable,41,Rural-Fringe,N
ELKHART ISD,1903,G,Non-metropolitan Stable,42,Rural-Distant,N
ELYSIAN FIELDS ISD,102906,H,Rural,42,Rural-Distant,N
ENNIS ISD,70903,D,Other Central City Suburban,41,Rural-Fringe,N
ERA ISD,49906,H,Rural,42,Rural-Distant,N
ERATH EXCELS ACADEMY INC,72802,I,Charter School Districts,41,Rural-Fringe,Y
ETOILE ACADEMY CHARTER SCHOOL,101872,N/A,N/A,N/A,N/A,Y
ETOILE ISD,174910,H,Rural,43,Rural-Remote,N
EULA ISD,30906,H,Rural,42,Rural-Distant,N
EUSTACE ISD,107905,G,Non-metropolitan Stable,42,Rural-Distant,N
EVADALE ISD,121906,H,Rural,42,Rural-Distant,N
EVANT ISD,50901,H,Rural,43,Rural-Remote,N
EVERMAN ISD,220904,B,Major Suburban,21,Suburb-Large,N
EVOLUTION ACADEMY CHARTER SCHOOL,57834,I,Charter School Districts,12,City-Midsize,Y
EXCEL ACADEMY,101811,I,Charter School Districts,11,City-Large,Y
EXCELLENCE IN LEADERSHIP ACADEMY,108809,I,Charter School Districts,13,City-Small,Y
EXCELSIOR ISD,210906,H,Rural,43,Rural-Remote,N
EZZELL ISD,143906,H,Rural,43,Rural-Remote,N
FABENS ISD,71903,G,Non-metropolitan Stable,31,Town-Fringe,N
FAIRFIELD ISD,81902,G,Non-metropolitan Stable,33,Town-Remote,N
FALLS CITY ISD,128904,H,Rural,42,Rural-Distant,N
FANNINDEL ISD,60914,H,Rural,43,Rural-Remote,N
FARMERSVILLE ISD,43904,G,Non-metropolitan Stable,31,Town-Fringe,N
FARWELL ISD,185902,H,Rural,42,Rural-Distant,N
FAYETTEVILLE ISD,75906,H,Rural,43,Rural-Remote,N
FERRIS ISD,70905,B,Major Suburban,41,Rural-Fringe,N
FLATONIA ISD,75901,H,Rural,43,Rural-Remote,N
FLORENCE ISD,246902,G,Non-metropolitan Stable,42,Rural-Distant,N
FLORESVILLE ISD,247901,E,Independent Town,32,Town-Distant,N
FLOUR BLUFF ISD,178914,D,Other Central City Suburban,11,City-Large,N
FLOYDADA ISD,77901,H,Rural,41,Rural-Fringe,N
FOLLETT ISD,148902,H,Rural,43,Rural-Remote,N
FORESTBURG ISD,169910,H,Rural,43,Rural-Remote,N
FORNEY ISD,129902,B,Major Suburban,41,Rural-Fringe,N
FORSAN ISD,114904,H,Rural,42,Rural-Distant,N
FORT BEND ISD,79907,B,Major Suburban,21,Suburb-Large,N
FORT ELLIOTT CISD,242906,H,Rural,43,Rural-Remote,N
FORT STOCKTON ISD,186902,G,Non-metropolitan Stable,33,Town-Remote,N
FORT WORTH ACADEMY OF FINE ARTS,220809,I,Charter School Districts,11,City-Large,Y
FORT WORTH ISD,220905,A,Major Urban,11,City-Large,N
FRANKLIN ISD,198903,D,Other Central City Suburban,42,Rural-Distant,N
FRANKSTON ISD,1904,H,Rural,42,Rural-Distant,N
FREDERICKSBURG ISD,86901,E,Independent Town,33,Town-Remote,N
FREER ISD,66903,H,Rural,43,Rural-Remote,N
FRENSHIP ISD,152907,D,Other Central City Suburban,12,City-Midsize,N
FRIENDSWOOD ISD,84911,G,Non-metropolitan Stable,21,Suburb-Large,N
FRIONA ISD,185903,G,Non-metropolitan Stable,33,Town-Remote,N
FRISCO ISD,43905,C,Other Central City,21,Suburb-Large,N
FROST ISD,175905,H,Rural,42,Rural-Distant,N
FRUITVALE ISD,234909,H,Rural,42,Rural-Distant,N
FT DAVIS ISD,122901,H,Rural,43,Rural-Remote,N
FT HANCOCK ISD,115901,H,Rural,43,Rural-Remote,N
FT SAM HOUSTON ISD,15914,G,Non-metropolitan Stable,11,City-Large,N
GAINESVILLE ISD,49901,E,Independent Town,41,Rural-Fringe,N
GALENA PARK ISD,101910,B,Major Suburban,21,Suburb-Large,N
GALVESTON ISD,84902,C,Other Central City,31,Town-Fringe,N
GANADO ISD,120902,H,Rural,42,Rural-Distant,N
GARLAND ISD,57909,B,Major Suburban,21,Suburb-Large,N
GARNER ISD,184911,H,Rural,42,Rural-Distant,N
GARRISON ISD,174903,H,Rural,43,Rural-Remote,N
GARY ISD,183904,H,Rural,42,Rural-Distant,N
GATESVILLE ISD,50902,D,Other Central City Suburban,32,Town-Distant,N
GATEWAY ACADEMY CHARTER DISTRICT,240801,I,Charter School Districts,11,City-Large,Y
GATEWAY CHARTER ACADEMY,57831,I,Charter School Districts,11,City-Large,Y
GAUSE ISD,166902,H,Rural,42,Rural-Distant,N
GEORGE GERVIN ACADEMY,15802,I,Charter School Districts,11,City-Large,Y
GEORGE I SANCHEZ CHARTER,101804,I,Charter School Districts,11,City-Large,Y
GEORGE WEST ISD,149901,G,Non-metropolitan Stable,43,Rural-Remote,N
GEORGETOWN ISD,246904,C,Other Central City,21,Suburb-Large,N
GHOLSON ISD,161925,H,Rural,42,Rural-Distant,N
GIDDINGS ISD,144901,G,Non-metropolitan Stable,41,Rural-Fringe,N
GILMER ISD,230902,D,Other Central City Suburban,41,Rural-Fringe,N
GLADEWATER ISD,92901,D,Other Central City Suburban,23,Suburb-Small,N
GLASSCOCK COUNTY ISD,87901,H,Rural,43,Rural-Remote,N
GLEN ROSE ISD,213901,G,Non-metropolitan Stable,42,Rural-Distant,N
GODLEY ISD,126911,B,Major Suburban,42,Rural-Distant,N
GOLD BURG ISD,169906,H,Rural,42,Rural-Distant,N
GOLDEN RULE CHARTER SCHOOL,57835,I,Charter School Districts,11,City-Large,Y
GOLDTHWAITE ISD,167901,H,Rural,43,Rural-Remote,N
GOLIAD ISD,88902,G,Non-metropolitan Stable,42,Rural-Distant,N
GONZALES ISD,89901,G,Non-metropolitan Stable,32,Town-Distant,N
GOODRICH ISD,187903,H,Rural,42,Rural-Distant,N
GOODWATER MONTESSORI SCHOOL,246802,I,Charter School Districts,21,Suburb-Large,Y
GOOSE CREEK CISD,101911,B,Major Suburban,13,City-Small,N
GORDON ISD,182901,H,Rural,43,Rural-Remote,N
GORMAN ISD,67904,H,Rural,43,Rural-Remote,N
GRADY ISD,156905,H,Rural,42,Rural-Distant,N
GRAFORD ISD,182902,H,Rural,43,Rural-Remote,N
GRAHAM ISD,252901,G,Non-metropolitan Stable,33,Town-Remote,N
GRANBURY ISD,111901,D,Other Central City Suburban,32,Town-Distant,N
GRAND PRAIRIE ISD,57910,B,Major Suburban,21,Suburb-Large,N
GRAND SALINE ISD,234904,G,Non-metropolitan Stable,32,Town-Distant,N
GRANDFALLS-ROYALTY ISD,238904,H,Rural,43,Rural-Remote,N
GRANDVIEW ISD,126904,G,Non-metropolitan Stable,42,Rural-Distant,N
GRANDVIEW-HOPKINS ISD,90905,H,Rural,43,Rural-Remote,N
GRANGER ISD,246905,H,Rural,42,Rural-Distant,N
GRAPE CREEK ISD,226907,D,Other Central City Suburban,41,Rural-Fringe,N
GRAPELAND ISD,113902,H,Rural,43,Rural-Remote,N
GRAPEVINE-COLLEYVILLE ISD,220906,B,Major Suburban,21,Suburb-Large,N
GREAT HEARTS TEXAS,15835,I,Charter School Districts,11,City-Large,Y
GREENVILLE ISD,116905,E,Independent Town,32,Town-Distant,N
GREENWOOD ISD,165902,D,Other Central City Suburban,42,Rural-Distant,N
GREGORY-PORTLAND ISD,205902,D,Other Central City Suburban,21,Suburb-Large,N
GROESBECK ISD,147902,G,Non-metropolitan Stable,41,Rural-Fringe,N
GROOM ISD,33901,H,Rural,43,Rural-Remote,N
GROVETON ISD,228901,H,Rural,43,Rural-Remote,N
GRUVER ISD,98901,H,Rural,43,Rural-Remote,N
GUNTER ISD,91917,G,Non-metropolitan Stable,42,Rural-Distant,N
GUSTINE ISD,47903,H,Rural,43,Rural-Remote,N
GUTHRIE CSD,135001,H,Rural,43,Rural-Remote,N
HALE CENTER ISD,95903,H,Rural,42,Rural-Distant,N
HALLETTSVILLE ISD,143901,G,Non-metropolitan Stable,43,Rural-Remote,N
HALLSBURG ISD,161924,H,Rural,42,Rural-Distant,N
HALLSVILLE ISD,102904,D,Other Central City Suburban,31,Town-Fringe,N
HAMILTON ISD,97902,H,Rural,33,Town-Remote,N
HAMLIN ISD,127903,H,Rural,43,Rural-Remote,N
HAMSHIRE-FANNETT ISD,123914,D,Other Central City Suburban,42,Rural-Distant,N
HAPPY ISD,219901,H,Rural,42,Rural-Distant,N
HARDIN ISD,146904,G,Non-metropolitan Stable,42,Rural-Distant,N
HARDIN-JEFFERSON ISD,100905,D,Other Central City Suburban,42,Rural-Distant,N
HARLANDALE ISD,15904,B,Major Suburban,11,City-Large,N
HARLETON ISD,102905,H,Rural,42,Rural-Distant,N
HARLINGEN CISD,31903,D,Other Central City Suburban,13,City-Small,N
HARMONY ISD,230905,E,Independent Town,42,Rural-Distant,N
HARMONY SCHOOL OF EXCELLENCE,101858,I,Charter School Districts,11,City-Large,Y
HARMONY SCHOOL OF SCIENCE - HOUSTO,101862,I,Charter School Districts,13,City-Small,Y
HARMONY SCIENCE ACAD (EL PASO),71806,I,Charter School Districts,11,City-Large,Y
HARMONY SCIENCE ACAD (SAN ANTONIO),15828,I,Charter School Districts,11,City-Large,Y
HARMONY SCIENCE ACAD (WACO),161807,I,Charter School Districts,11,City-Large,Y
HARMONY SCIENCE ACADEMY,101846,I,Charter School Districts,11,City-Large,Y
HARMONY SCIENCE ACADEMY (AUSTIN),227816,I,Charter School Districts,11,City-Large,Y
HARPER ISD,86902,H,Rural,43,Rural-Remote,N
HARRIS COUNTY DEPT OF ED,101000,N/A,N/A,21,Suburb-Large,N
HARROLD ISD,244901,H,Rural,42,Rural-Distant,N
HART ISD,35902,H,Rural,43,Rural-Remote,N
HARTLEY ISD,103902,H,Rural,43,Rural-Remote,N
HARTS BLUFF ISD,225907,F,Non-metropolitan Fast Growing,41,Rural-Fringe,N
HASKELL CISD,104901,H,Rural,41,Rural-Fringe,N
HAWKINS ISD,250902,H,Rural,42,Rural-Distant,N
HAWLEY ISD,127904,H,Rural,42,Rural-Distant,N
HAYS CISD,105906,B,Major Suburban,21,Suburb-Large,N
HEARNE ISD,198905,H,Rural,32,Town-Distant,N
HEDLEY ISD,65902,H,Rural,43,Rural-Remote,N
HEMPHILL ISD,202903,H,Rural,43,Rural-Remote,N
HEMPSTEAD ISD,237902,G,Non-metropolitan Stable,32,Town-Distant,N
HENDERSON ISD,201902,E,Independent Town,32,Town-Distant,N
HENRIETTA ISD,39902,D,Other Central City Suburban,41,Rural-Fringe,N
HENRY FORD ACADEMY ALAMEDA SCHOOL,15833,I,Charter School Districts,11,City-Large,Y
HEREFORD ISD,59901,D,Other Central City Suburban,32,Town-Distant,N
HERITAGE ACADEMY,15815,I,Charter School Districts,33,Town-Remote,Y
HERMLEIGH ISD,208901,H,Rural,42,Rural-Distant,N
HICO ISD,97903,H,Rural,43,Rural-Remote,N
HIDALGO ISD,108905,D,Other Central City Suburban,21,Suburb-Large,N
HIGGINS ISD,148903,H,Rural,43,Rural-Remote,N
HIGH ISLAND ISD,84903,H,Rural,43,Rural-Remote,N
HIGH POINT ACADEMY,220819,I,Charter School Districts,21,Suburb-Large,Y
HIGHLAND ISD,177905,H,Rural,42,Rural-Distant,N
HIGHLAND PARK ISD,57911,B,Major Suburban,21,Suburb-Large,N
HIGHLAND PARK ISD,188903,H,Rural,41,Rural-Fringe,N
HILLSBORO ISD,109904,E,Independent Town,32,Town-Distant,N
HITCHCOCK ISD,84908,D,Other Central City Suburban,22,Suburb-Midsize,N
HOLLAND ISD,14905,H,Rural,42,Rural-Distant,N
HOLLIDAY ISD,5902,D,Other Central City Suburban,42,Rural-Distant,N
HONDO ISD,163904,G,Non-metropolitan Stable,32,Town-Distant,N
HONEY GROVE ISD,74907,H,Rural,43,Rural-Remote,N
HOOKS ISD,19902,G,Non-metropolitan Stable,31,Town-Fringe,N
HORIZON MONTESSORI PUBLIC SCHOOLS,108802,I,Charter School Districts,12,City-Midsize,Y
HOUSTON GATEWAY ACADEMY INC,101828,I,Charter School Districts,11,City-Large,Y
HOUSTON HEIGHTS HIGH SCHOOL,101821,I,Charter School Districts,11,City-Large,Y
HOUSTON ISD,101912,A,Major Urban,11,City-Large,N
HOWE ISD,91905,D,Other Central City Suburban,42,Rural-Distant,N
HUBBARD ISD,19913,H,Rural,42,Rural-Distant,N
HUBBARD ISD,109905,H,Rural,42,Rural-Distant,N
HUCKABAY ISD,72908,H,Rural,42,Rural-Distant,N
HUDSON ISD,3902,G,Non-metropolitan Stable,33,Town-Remote,N
HUFFMAN ISD,101925,G,Non-metropolitan Stable,41,Rural-Fringe,N
HUGHES SPRINGS ISD,34903,E,Independent Town,32,Town-Distant,N
HULL-DAISETTA ISD,146905,H,Rural,42,Rural-Distant,N
HUMBLE ISD,101913,B,Major Suburban,21,Suburb-Large,N
HUNT ISD,133902,H,Rural,42,Rural-Distant,N
HUNTINGTON ISD,3904,G,Non-metropolitan Stable,42,Rural-Distant,N
HUNTSVILLE ISD,236902,E,Independent Town,32,Town-Distant,N
HURST-EULESS-BEDFORD ISD,220916,B,Major Suburban,21,Suburb-Large,N
HUTTO ISD,246906,D,Other Central City Suburban,21,Suburb-Large,N
IDALOU ISD,152910,D,Other Central City Suburban,42,Rural-Distant,N
IDEA PUBLIC SCHOOLS,108807,I,Charter School Districts,21,Suburb-Large,Y
IMAGINE INTERNATIONAL ACADEMY OF N,43801,I,Charter School Districts,22,Suburb-Midsize,Y
INDUSTRIAL ISD,120905,G,Non-metropolitan Stable,42,Rural-Distant,N
INGLESIDE ISD,205903,D,Other Central City Suburban,31,Town-Fringe,N
INGRAM ISD,133904,G,Non-metropolitan Stable,33,Town-Remote,N
INSPIRE ACADEMIES,15808,I,Charter School Districts,11,City-Large,Y
INSPIRED VISION ACADEMY,57830,I,Charter School Districts,11,City-Large,Y
INTERNATIONAL LEADERSHIP OF TEXAS,57848,I,Charter School Districts,21,Suburb-Large,Y
IOLA ISD,93903,H,Rural,42,Rural-Distant,N
IOWA PARK CISD,243903,D,Other Central City Suburban,31,Town-Fringe,N
IRA ISD,208903,H,Rural,42,Rural-Distant,N
IRAAN-SHEFFIELD ISD,186903,H,Rural,43,Rural-Remote,N
IREDELL ISD,18906,H,Rural,43,Rural-Remote,N
IRION COUNTY ISD,118902,H,Rural,42,Rural-Distant,N
IRVING ISD,57912,B,Major Suburban,12,City-Midsize,N
ITALY ISD,70907,H,Rural,42,Rural-Distant,N
ITASCA ISD,109907,H,Rural,42,Rural-Distant,N
JACKSBORO ISD,119902,G,Non-metropolitan Stable,33,Town-Remote,N
JACKSONVILLE ISD,37904,E,Independent Town,32,Town-Distant,N
JARRELL ISD,246907,D,Other Central City Suburban,42,Rural-Distant,N
JASPER ISD,121904,E,Independent Town,33,Town-Remote,N
JAYTON-GIRARD ISD,132902,H,Rural,43,Rural-Remote,N
JEAN MASSIEU ACADEMY,57819,I,Charter School Districts,11,City-Large,Y
JEFFERSON ISD,155901,G,Non-metropolitan Stable,42,Rural-Distant,N
JIM HOGG COUNTY ISD,124901,G,Non-metropolitan Stable,33,Town-Remote,N
JIM NED CISD,221911,G,Non-metropolitan Stable,42,Rural-Distant,N
JOAQUIN ISD,210902,H,Rural,43,Rural-Remote,N
JOHNSON CITY ISD,16901,H,Rural,42,Rural-Distant,N
JONESBORO ISD,50909,E,Independent Town,43,Rural-Remote,N
JOSHUA ISD,126905,D,Other Central City Suburban,41,Rural-Fringe,N
JOURDANTON ISD,7902,G,Non-metropolitan Stable,32,Town-Distant,N
JUBILEE ACADEMIES,15822,I,Charter School Districts,11,City-Large,Y
JUDSON ISD,15916,B,Major Suburban,21,Suburb-Large,N
JUNCTION ISD,134901,H,Rural,33,Town-Remote,N
KARNACK ISD,102901,H,Rural,42,Rural-Distant,N
KARNES CITY ISD,128901,G,Non-metropolitan Stable,33,Town-Remote,N
KATHERINE ANNE PORTER SCHOOL,105801,I,Charter School Districts,32,Town-Distant,Y
KATY ISD,101914,B,Major Suburban,21,Suburb-Large,N
KAUFFMAN LEADERSHIP ACADEMY,126801,I,Charter School Districts,31,Town-Fringe,Y
KAUFMAN ISD,129903,D,Other Central City Suburban,32,Town-Distant,N
KEENE ISD,126906,G,Non-metropolitan Stable,31,Town-Fringe,N
KELLER ISD,220907,B,Major Suburban,11,City-Large,N
KELTON ISD,242905,H,Rural,43,Rural-Remote,N
KEMP ISD,129904,D,Other Central City Suburban,42,Rural-Distant,N
KENEDY COUNTY WIDE CSD,131001,H,Rural,43,Rural-Remote,N
KENEDY ISD,128902,F,Non-metropolitan Fast Growing,41,Rural-Fringe,N
KENNARD ISD,113906,H,Rural,43,Rural-Remote,N
KENNEDALE ISD,220914,B,Major Suburban,21,Suburb-Large,N
KERENS ISD,175907,H,Rural,43,Rural-Remote,N
KERMIT ISD,248901,D,Other Central City Suburban,32,Town-Distant,N
KERRVILLE ISD,133903,E,Independent Town,33,Town-Remote,N
KI CHARTER ACADEMY,105803,I,Charter School Districts,23,Suburb-Small,Y
KILGORE ISD,92902,D,Other Central City Suburban,31,Town-Fringe,N
KILLEEN ISD,14906,C,Other Central City,12,City-Midsize,N
KINGSVILLE ISD,137901,E,Independent Town,32,Town-Distant,N
KIPP AUSTIN PUBLIC SCHOOLS INC,227820,I,Charter School Districts,11,City-Large,Y
KIPP DALLAS-FORT WORTH,57837,I,Charter School Districts,11,City-Large,Y
KIPP INC CHARTER,101813,I,Charter School Districts,11,City-Large,Y
KIPP SAN ANTONIO,15826,I,Charter School Districts,11,City-Large,Y
KIRBYVILLE CISD,121905,G,Non-metropolitan Stable,43,Rural-Remote,N
KLEIN ISD,101915,B,Major Suburban,21,Suburb-Large,N
KLONDIKE ISD,58905,H,Rural,43,Rural-Remote,N
KNIPPA ISD,232901,F,Non-metropolitan Fast Growing,42,Rural-Distant,N
KNOX CITY-O'BRIEN CISD,138902,H,Rural,43,Rural-Remote,N
KOPPERL ISD,18907,H,Rural,43,Rural-Remote,N
KOUNTZE ISD,100903,G,Non-metropolitan Stable,42,Rural-Distant,N
KRESS ISD,219905,H,Rural,42,Rural-Distant,N
KRUM ISD,61905,D,Other Central City Suburban,31,Town-Fringe,N
LA ACADEMIA DE ESTRELLAS,57839,I,Charter School Districts,11,City-Large,Y
LA FE PREPARATORY SCHOOL,71807,I,Charter School Districts,11,City-Large,Y
LA FERIA ISD,31905,G,Non-metropolitan Stable,22,Suburb-Midsize,N
LA GLORIA ISD,125906,H,Rural,42,Rural-Distant,N
LA GRANGE ISD,75902,E,Independent Town,33,Town-Remote,N
LA JOYA ISD,108912,C,Other Central City,21,Suburb-Large,N
LA PORTE ISD,101916,B,Major Suburban,21,Suburb-Large,N
LA PRYOR ISD,254902,H,Rural,43,Rural-Remote,N
LA VEGA ISD,161906,D,Other Central City Suburban,22,Suburb-Midsize,N
LA VERNIA ISD,247903,E,Independent Town,42,Rural-Distant,N
LA VILLA ISD,108914,H,Rural,21,Suburb-Large,N
LACKLAND ISD,15913,G,Non-metropolitan Stable,21,Suburb-Large,N
LAGO VISTA ISD,227912,G,Non-metropolitan Stable,31,Town-Fringe,N
LAKE DALLAS ISD,61912,D,Other Central City Suburban,21,Suburb-Large,N
LAKE TRAVIS ISD,227913,B,Major Suburban,21,Suburb-Large,N
LAKE WORTH ISD,220910,B,Major Suburban,21,Suburb-Large,N
LAMAR CISD,79901,C,Other Central City,21,Suburb-Large,N
LAMESA ISD,58906,G,Non-metropolitan Stable,33,Town-Remote,N
LAMPASAS ISD,141901,D,Other Central City Suburban,41,Rural-Fringe,N
LANCASTER ISD,57913,B,Major Suburban,21,Suburb-Large,N
LANEVILLE ISD,201903,H,Rural,42,Rural-Distant,N
LAPOYNOR ISD,107910,H,Rural,42,Rural-Distant,N
LAREDO ISD,240901,D,Other Central City Suburban,11,City-Large,N
LASARA ISD,245901,H,Rural,42,Rural-Distant,N
LATEXO ISD,113905,H,Rural,42,Rural-Distant,N
LAZBUDDIE ISD,185904,H,Rural,43,Rural-Remote,N
LEADERSHIP PREP SCHOOL,61804,I,Charter School Districts,21,Suburb-Large,Y
LEAKEY ISD,193902,H,Rural,43,Rural-Remote,N
LEANDER ISD,246913,B,Major Suburban,21,Suburb-Large,N
LEARY ISD,19914,H,Rural,41,Rural-Fringe,N
LEFORS ISD,90902,H,Rural,42,Rural-Distant,N
LEGACY PREPARATORY,57846,I,Charter School Districts,21,Suburb-Large,Y
LEGACY SCHOOL OF SPORT SCIENCES,101874,N/A,N/A,N/A,N/A,Y
LEGGETT ISD,187906,H,Rural,42,Rural-Distant,N
LEON ISD,145911,H,Rural,43,Rural-Remote,N
LEONARD ISD,74909,G,Non-metropolitan Stable,42,Rural-Distant,N
LEVELLAND ISD,110902,G,Non-metropolitan Stable,32,Town-Distant,N
LEVERETTS CHAPEL ISD,201904,H,Rural,42,Rural-Distant,N
LEWISVILLE ISD,61902,B,Major Suburban,21,Suburb-Large,N
LEXINGTON ISD,144902,G,Non-metropolitan Stable,43,Rural-Remote,N
LIBERTY HILL ISD,246908,D,Other Central City Suburban,41,Rural-Fringe,N
LIBERTY ISD,146906,G,Non-metropolitan Stable,32,Town-Distant,N
LIBERTY-EYLAU ISD,19908,G,Non-metropolitan Stable,13,City-Small,N
LIFE SCHOOL,57807,I,Charter School Districts,21,Suburb-Large,Y
LIGHTHOUSE CHARTER SCHOOL,15825,I,Charter School Districts,11,City-Large,Y
LINDALE ISD,212903,D,Other Central City Suburban,31,Town-Fringe,N
LINDEN-KILDARE CISD,34905,H,Rural,43,Rural-Remote,N
LINDSAY ISD,49907,H,Rural,42,Rural-Distant,N
LINGLEVILLE ISD,72909,H,Rural,42,Rural-Distant,N
LIPAN ISD,111902,F,Non-metropolitan Fast Growing,43,Rural-Remote,N
LITTLE CYPRESS-MAURICEVILLE CISD,181908,E,Independent Town,22,Suburb-Midsize,N
LITTLE ELM ISD,61914,D,Other Central City Suburban,21,Suburb-Large,N
LITTLEFIELD ISD,140904,G,Non-metropolitan Stable,32,Town-Distant,N
LIVINGSTON ISD,187907,E,Independent Town,41,Rural-Fringe,N
LLANO ISD,150901,G,Non-metropolitan Stable,41,Rural-Fringe,N
LOCKHART ISD,28902,D,Other Central City Suburban,31,Town-Fringe,N
LOCKNEY ISD,77902,H,Rural,43,Rural-Remote,N
LOHN ISD,160905,H,Rural,43,Rural-Remote,N
LOMETA ISD,141902,H,Rural,43,Rural-Remote,N
LONDON ISD,178906,F,Non-metropolitan Fast Growing,41,Rural-Fringe,N
LONE OAK ISD,116906,G,Non-metropolitan Stable,42,Rural-Distant,N
LONE STAR LANGUAGE ACADEMY,43802,I,Charter School Districts,12,City-Midsize,Y
LONGVIEW ISD,92903,C,Other Central City,13,City-Small,N
LOOP ISD,83902,H,Rural,43,Rural-Remote,N
LORAINE ISD,168902,H,Rural,42,Rural-Distant,N
LORENA ISD,161907,G,Non-metropolitan Stable,41,Rural-Fringe,N
LORENZO ISD,54902,H,Rural,42,Rural-Distant,N
LOS FRESNOS CISD,31906,D,Other Central City Suburban,41,Rural-Fringe,N
LOUISE ISD,241906,H,Rural,42,Rural-Distant,N
LOVEJOY ISD,43919,G,Non-metropolitan Stable,21,Suburb-Large,N
LOVELADY ISD,113903,H,Rural,43,Rural-Remote,N
LUBBOCK ISD,152901,C,Other Central City,12,City-Midsize,N
LUBBOCK-COOPER ISD,152906,D,Other Central City Suburban,41,Rural-Fringe,N
LUEDERS-AVOCA ISD,127905,H,Rural,42,Rural-Distant,N
LUFKIN ISD,3903,E,Independent Town,33,Town-Remote,N
LULING ISD,28903,E,Independent Town,32,Town-Distant,N
LUMBERTON ISD,100907,D,Other Central City Suburban,22,Suburb-Midsize,N
LUMIN EDUCATION,57805,I,Charter School Districts,11,City-Large,Y
LYFORD CISD,245902,G,Non-metropolitan Stable,32,Town-Distant,N
LYTLE ISD,7904,G,Non-metropolitan Stable,41,Rural-Fringe,N
MABANK ISD,129905,D,Other Central City Suburban,32,Town-Distant,N
MADISONVILLE CISD,154901,G,Non-metropolitan Stable,32,Town-Distant,N
MAGNOLIA ISD,170906,D,Other Central City Suburban,41,Rural-Fringe,N
MALAKOFF ISD,107906,G,Non-metropolitan Stable,33,Town-Remote,N
MALONE ISD,109908,H,Rural,42,Rural-Distant,N
MALTA ISD,19910,H,Rural,42,Rural-Distant,N
MANARA ACADEMY,57844,I,Charter School Districts,12,City-Midsize,Y
MANOR ISD,227907,B,Major Suburban,41,Rural-Fringe,N
MANSFIELD ISD,220908,B,Major Suburban,21,Suburb-Large,N
MARATHON ISD,22902,H,Rural,43,Rural-Remote,N
MARBLE FALLS ISD,27904,E,Independent Town,32,Town-Distant,N
MARFA ISD,189901,H,Rural,43,Rural-Remote,N
MARION ISD,94904,D,Other Central City Suburban,21,Suburb-Large,N
MARLIN ISD,73903,H,Rural,32,Town-Distant,N
MARSHALL ISD,102902,E,Independent Town,32,Town-Distant,N
MART ISD,161908,H,Rural,42,Rural-Distant,N
MARTINS MILL ISD,234905,H,Rural,42,Rural-Distant,N
MARTINSVILLE ISD,174909,H,Rural,43,Rural-Remote,N
MASON ISD,157901,H,Rural,43,Rural-Remote,N
MATAGORDA ISD,158904,H,Rural,43,Rural-Remote,N
MATHIS ISD,205904,G,Non-metropolitan Stable,32,Town-Distant,N
MAUD ISD,19903,H,Rural,42,Rural-Distant,N
MAY ISD,25905,H,Rural,43,Rural-Remote,N
MAYPEARL ISD,70915,D,Other Central City Suburban,42,Rural-Distant,N
MCALLEN ISD,108906,D,Other Central City Suburban,12,City-Midsize,N
MCCAMEY ISD,231901,H,Rural,43,Rural-Remote,N
MCDADE ISD,11905,F,Non-metropolitan Fast Growing,42,Rural-Distant,N
MCGREGOR ISD,161909,G,Non-metropolitan Stable,31,Town-Fringe,N
MCKINNEY ISD,43907,D,Other Central City Suburban,22,Suburb-Midsize,N
MCLEAN ISD,90903,H,Rural,43,Rural-Remote,N
MCLEOD ISD,34906,H,Rural,42,Rural-Distant,N
MCMULLEN COUNTY ISD,162904,H,Rural,43,Rural-Remote,N
MEADOW ISD,223902,H,Rural,42,Rural-Distant,N
MEADOWLAND CHARTER DISTRICT,130801,I,Charter School Districts,41,Rural-Fringe,Y
MEDINA ISD,10901,F,Non-metropolitan Fast Growing,43,Rural-Remote,N
MEDINA VALLEY ISD,163908,B,Major Suburban,41,Rural-Fringe,N
MELISSA ISD,43908,F,Non-metropolitan Fast Growing,22,Suburb-Midsize,N
MEMPHIS ISD,96904,H,Rural,43,Rural-Remote,N
MENARD ISD,164901,H,Rural,43,Rural-Remote,N
MERCEDES ISD,108907,D,Other Central City Suburban,21,Suburb-Large,N
MERIDIAN ISD,18902,H,Rural,43,Rural-Remote,N
MERIDIAN WORLD SCHOOL LLC,246801,I,Charter School Districts,12,City-Midsize,Y
MERKEL ISD,221904,D,Other Central City Suburban,42,Rural-Distant,N
MESQUITE ISD,57914,B,Major Suburban,21,Suburb-Large,N
MEXIA ISD,147903,G,Non-metropolitan Stable,33,Town-Remote,N
MEYERPARK ELEMENTARY,101855,I,Charter School Districts,11,City-Large,Y
MEYERSVILLE ISD,62906,H,Rural,42,Rural-Distant,N
MIAMI ISD,197902,H,Rural,43,Rural-Remote,N
MIDLAND ACADEMY CHARTER SCHOOL,165802,I,Charter School Districts,12,City-Midsize,Y
MIDLAND ISD,165901,C,Other Central City,12,City-Midsize,N
MIDLOTHIAN ISD,70908,C,Other Central City,21,Suburb-Large,N
MIDVALLEY ACADEMY CHARTER DISTRICT,108804,I,Charter School Districts,22,Suburb-Midsize,Y
MIDWAY ISD,39905,H,Rural,42,Rural-Distant,N
MIDWAY ISD,161903,D,Other Central City Suburban,22,Suburb-Midsize,N
MILANO ISD,166903,H,Rural,42,Rural-Distant,N
MILDRED ISD,175910,H,Rural,42,Rural-Distant,N
MILES ISD,200902,H,Rural,42,Rural-Distant,N
MILFORD ISD,70909,H,Rural,42,Rural-Distant,N
MILLER GROVE ISD,112907,F,Non-metropolitan Fast Growing,43,Rural-Remote,N
MILLSAP ISD,184904,D,Other Central City Suburban,42,Rural-Distant,N
MINEOLA ISD,250903,E,Independent Town,32,Town-Distant,N
MINERAL WELLS ISD,182903,E,Independent Town,32,Town-Distant,N
MISSION CISD,108908,D,Other Central City Suburban,13,City-Small,N
MONAHANS-WICKETT-PYOTE ISD,238902,D,Other Central City Suburban,32,Town-Distant,N
MONTAGUE ISD,169908,H,Rural,42,Rural-Distant,N
MONTE ALTO ISD,108915,D,Other Central City Suburban,41,Rural-Fringe,N
MONTESSORI FOR ALL,227826,I,Charter School Districts,11,City-Large,Y
MONTGOMERY ISD,170903,D,Other Central City Suburban,41,Rural-Fringe,N
MOODY ISD,161910,H,Rural,42,Rural-Distant,N
MORAN ISD,209902,H,Rural,43,Rural-Remote,N
MORGAN ISD,18903,H,Rural,43,Rural-Remote,N
MORGAN MILL ISD,72910,H,Rural,43,Rural-Remote,N
MORTON ISD,40901,H,Rural,43,Rural-Remote,N
MOTLEY COUNTY ISD,173901,H,Rural,43,Rural-Remote,N
MOULTON ISD,143902,H,Rural,43,Rural-Remote,N
MOUNT CALM ISD,109910,H,Rural,42,Rural-Distant,N
MOUNT ENTERPRISE ISD,201907,H,Rural,43,Rural-Remote,N
MOUNT PLEASANT ISD,225902,E,Independent Town,33,Town-Remote,N
MOUNT VERNON ISD,80901,G,Non-metropolitan Stable,33,Town-Remote,N
MUENSTER ISD,49902,H,Rural,43,Rural-Remote,N
MULESHOE ISD,9901,G,Non-metropolitan Stable,33,Town-Remote,N
MULLIN ISD,167902,F,Non-metropolitan Fast Growing,33,Town-Remote,N
MUMFORD ISD,198906,H,Rural,42,Rural-Distant,N
MUNDAY CISD,138903,H,Rural,43,Rural-Remote,N
MURCHISON ISD,107908,H,Rural,42,Rural-Distant,N
NACOGDOCHES ISD,174904,E,Independent Town,33,Town-Remote,N
NATALIA ISD,163903,G,Non-metropolitan Stable,41,Rural-Fringe,N
NAVARRO ISD,94903,D,Other Central City Suburban,41,Rural-Fringe,N
NAVASOTA ISD,93904,D,Other Central City Suburban,32,Town-Distant,N
NAZARETH ISD,35903,H,Rural,43,Rural-Remote,N
NECHES ISD,1906,H,Rural,42,Rural-Distant,N
NEDERLAND ISD,123905,D,Other Central City Suburban,22,Suburb-Midsize,N
NEEDVILLE ISD,79906,D,Other Central City Suburban,41,Rural-Fringe,N
NEW BOSTON ISD,19905,G,Non-metropolitan Stable,32,Town-Distant,N
NEW BRAUNFELS ISD,46901,C,Other Central City,13,City-Small,N
NEW CANEY ISD,170908,D,Other Central City Suburban,21,Suburb-Large,N
NEW DEAL ISD,152902,H,Rural,41,Rural-Fringe,N
NEW DIANA ISD,230906,D,Other Central City Suburban,42,Rural-Distant,N
NEW FRONTIERS PUBLIC SCHOOLS INC,15805,I,Charter School Districts,11,City-Large,Y
NEW HOME ISD,153905,F,Non-metropolitan Fast Growing,42,Rural-Distant,N
NEW SUMMERFIELD ISD,37908,H,Rural,42,Rural-Distant,N
NEW WAVERLY ISD,236901,G,Non-metropolitan Stable,41,Rural-Fringe,N
NEWCASTLE ISD,252902,H,Rural,42,Rural-Distant,N
NEWMAN INTERNATIONAL ACADEMY OF AR,220817,I,Charter School Districts,11,City-Large,Y
NEWTON ISD,176902,G,Non-metropolitan Stable,43,Rural-Remote,N
NIXON-SMILEY CISD,89903,G,Non-metropolitan Stable,43,Rural-Remote,N
NOCONA ISD,169902,H,Rural,33,Town-Remote,N
NORDHEIM ISD,62902,H,Rural,43,Rural-Remote,N
NORMANGEE ISD,145906,H,Rural,43,Rural-Remote,N
NORTH EAST ISD,15910,A,Major Urban,11,City-Large,N
NORTH HOPKINS ISD,112906,H,Rural,42,Rural-Distant,N
NORTH LAMAR ISD,139911,G,Non-metropolitan Stable,41,Rural-Fringe,N
NORTH TEXAS COLLEGIATE ACADEMY,61802,I,Charter School Districts,21,Suburb-Large,Y
NORTH ZULCH ISD,154903,H,Rural,42,Rural-Distant,N
NORTHSIDE ISD,15915,A,Major Urban,11,City-Large,N
NORTHSIDE ISD,244905,H,Rural,42,Rural-Distant,N
NORTHWEST ISD,61911,D,Other Central City Suburban,41,Rural-Fringe,N
NOVA ACADEMY,57809,I,Charter School Districts,11,City-Large,Y
NOVA ACADEMY (SOUTHEAST),57827,I,Charter School Districts,11,City-Large,Y
NUECES CANYON CISD,69902,H,Rural,43,Rural-Remote,N
NURSERY ISD,235904,H,Rural,41,Rural-Fringe,N
NYOS CHARTER SCHOOL,227804,I,Charter School Districts,11,City-Large,Y
O'DONNELL ISD,153903,H,Rural,43,Rural-Remote,N
OAKWOOD ISD,145907,H,Rural,43,Rural-Remote,N
ODEM-EDROY ISD,205905,G,Non-metropolitan Stable,31,Town-Fringe,N
ODYSSEY ACADEMY INC,84802,I,Charter School Districts,31,Town-Fringe,Y
OGLESBY ISD,50904,H,Rural,42,Rural-Distant,N
OLFEN ISD,200906,H,Rural,42,Rural-Distant,N
OLNEY ISD,252903,H,Rural,32,Town-Distant,N
OLTON ISD,140905,H,Rural,43,Rural-Remote,N
ONALASKA ISD,187910,G,Non-metropolitan Stable,32,Town-Distant,N
ORANGE GROVE ISD,125903,G,Non-metropolitan Stable,42,Rural-Distant,N
ORANGEFIELD ISD,181905,D,Other Central City Suburban,41,Rural-Fringe,N
ORE CITY ISD,230903,G,Non-metropolitan Stable,42,Rural-Distant,N
ORENDA CHARTER SCHOOL,14804,I,Charter School Districts,41,Rural-Fringe,Y
OVERTON ISD,201908,H,Rural,42,Rural-Distant,N
PADUCAH ISD,51901,H,Rural,43,Rural-Remote,N
PAINT CREEK ISD,104907,H,Rural,42,Rural-Distant,N
PAINT ROCK ISD,48903,H,Rural,43,Rural-Remote,N
PALACIOS ISD,158905,G,Non-metropolitan Stable,33,Town-Remote,N
PALESTINE ISD,1907,E,Independent Town,32,Town-Distant,N
PALMER ISD,70910,D,Other Central City Suburban,41,Rural-Fringe,N
PALO PINTO ISD,182906,H,Rural,42,Rural-Distant,N
PAMPA ISD,90904,G,Non-metropolitan Stable,33,Town-Remote,N
PANHANDLE ISD,33902,H,Rural,42,Rural-Distant,N
PANOLA CHARTER SCHOOL,183801,I,Charter School Districts,32,Town-Distant,Y
PANTHER CREEK CISD,42905,H,Rural,43,Rural-Remote,N
PARADISE ISD,249906,G,Non-metropolitan Stable,42,Rural-Distant,N
PARIS ISD,139909,E,Independent Town,33,Town-Remote,N
PASADENA ISD,101917,B,Major Suburban,21,Suburb-Large,N
PASO DEL NORTE ACADEMY CHARTER DIS,71803,I,Charter School Districts,11,City-Large,Y
PATTON SPRINGS ISD,63906,H,Rural,43,Rural-Remote,N
PAWNEE ISD,13902,F,Non-metropolitan Fast Growing,43,Rural-Remote,N
PEARLAND ISD,20908,B,Major Suburban,21,Suburb-Large,N
PEARSALL ISD,82903,G,Non-metropolitan Stable,33,Town-Remote,N
PEASTER ISD,184908,D,Other Central City Suburban,42,Rural-Distant,N
PECOS-BARSTOW-TOYAH ISD,195901,G,Non-metropolitan Stable,33,Town-Remote,N
PEGASUS SCHOOL OF LIBERAL ARTS AND,57802,I,Charter School Districts,11,City-Large,Y
PENELOPE ISD,109914,H,Rural,42,Rural-Distant,N
PERRIN-WHITT CISD,119903,H,Rural,43,Rural-Remote,N
PERRYTON ISD,179901,G,Non-metropolitan Stable,33,Town-Remote,N
PETERSBURG ISD,95904,H,Rural,42,Rural-Distant,N
PETROLIA CISD,39903,H,Rural,42,Rural-Distant,N
PETTUS ISD,13903,H,Rural,42,Rural-Distant,N
PEWITT CISD,172905,H,Rural,42,Rural-Distant,N
PFLUGERVILLE ISD,227904,B,Major Suburban,21,Suburb-Large,N
PHARR-SAN JUAN-ALAMO ISD,108909,C,Other Central City,21,Suburb-Large,N
PILOT POINT ISD,61903,D,Other Central City Suburban,31,Town-Fringe,N
PINE TREE ISD,92904,D,Other Central City Suburban,13,City-Small,N
PINEYWOODS COMMUNITY ACADEMY,3801,I,Charter School Districts,33,Town-Remote,Y
PIONEER TECHNOLOGY & ARTS ACADEMY,57850,I,Charter School Districts,21,Suburb-Large,Y
PITTSBURG ISD,32902,G,Non-metropolitan Stable,32,Town-Distant,N
PLAINS ISD,251902,H,Rural,43,Rural-Remote,N
PLAINVIEW ISD,95905,E,Independent Town,33,Town-Remote,N
PLANO ISD,43910,B,Major Suburban,11,City-Large,N
PLEASANT GROVE ISD,19912,G,Non-metropolitan Stable,13,City-Small,N
PLEASANTON ISD,7905,E,Independent Town,32,Town-Distant,N
PLEMONS-STINNETT-PHILLIPS CISD,117904,H,Rural,42,Rural-Distant,N
POINT ISABEL ISD,31909,D,Other Central City Suburban,32,Town-Distant,N
PONDER ISD,61906,D,Other Central City Suburban,42,Rural-Distant,N
POOLVILLE ISD,184901,H,Rural,42,Rural-Distant,N
POR VIDA ACADEMY,15801,I,Charter School Districts,11,City-Large,Y
PORT ARANSAS ISD,178908,H,Rural,42,Rural-Distant,N
PORT ARTHUR ISD,123907,D,Other Central City Suburban,13,City-Small,N
PORT NECHES-GROVES ISD,123908,D,Other Central City Suburban,22,Suburb-Midsize,N
POSITIVE SOLUTIONS CHARTER SCHOOL,15814,I,Charter School Districts,11,City-Large,Y
POST ISD,85902,H,Rural,32,Town-Distant,N
POTEET ISD,7906,G,Non-metropolitan Stable,32,Town-Distant,N
POTH ISD,247904,H,Rural,42,Rural-Distant,N
POTTSBORO ISD,91913,D,Other Central City Suburban,23,Suburb-Small,N
PRAIRIE LEA ISD,28906,H,Rural,42,Rural-Distant,N
PRAIRIE VALLEY ISD,169909,H,Rural,42,Rural-Distant,N
PRAIRILAND ISD,139912,G,Non-metropolitan Stable,42,Rural-Distant,N
PREMIER HIGH SCHOOLS,72801,I,Charter School Districts,21,Suburb-Large,Y
PREMONT ISD,125905,H,Rural,33,Town-Remote,N
PRESIDIO ISD,189902,G,Non-metropolitan Stable,33,Town-Remote,N
PRIDDY ISD,167904,H,Rural,43,Rural-Remote,N
PRINCETON ISD,43911,F,Non-metropolitan Fast Growing,22,Suburb-Midsize,N
PRINGLE-MORSE CISD,98903,H,Rural,43,Rural-Remote,N
PRIORITY CHARTER SCHOOLS,14803,I,Charter School Districts,21,Suburb-Large,Y
PROGRESO ISD,108910,G,Non-metropolitan Stable,21,Suburb-Large,N
PROMESA PUBLIC SCHOOLS,227824,I,Charter School Districts,11,City-Large,Y
PROMISE COMMUNITY SCHOOL,101853,I,Charter School Districts,11,City-Large,Y
PROSPER ISD,43912,D,Other Central City Suburban,41,Rural-Fringe,N
QUANAH ISD,99903,H,Rural,43,Rural-Remote,N
QUEEN CITY ISD,34907,G,Non-metropolitan Stable,32,Town-Distant,N
QUINLAN ISD,116908,D,Other Central City Suburban,41,Rural-Fringe,N
QUITMAN ISD,250904,G,Non-metropolitan Stable,32,Town-Distant,N
RAINS ISD,190903,G,Non-metropolitan Stable,42,Rural-Distant,N
RALLS ISD,54903,H,Rural,42,Rural-Distant,N
RAMIREZ CSD,66005,H,Rural,43,Rural-Remote,N
RANCH ACADEMY,234801,I,Charter School Districts,42,Rural-Distant,Y
RANDOLPH FIELD ISD,15906,F,Non-metropolitan Fast Growing,41,Rural-Fringe,N
RANGER ISD,67907,H,Rural,43,Rural-Remote,N
RANKIN ISD,231902,H,Rural,43,Rural-Remote,N
RAPOPORT ACADEMY PUBLIC SCHOOL,161802,I,Charter School Districts,12,City-Midsize,Y
RAUL YZAGUIRRE SCHOOL FOR SUCCESS,101806,I,Charter School Districts,11,City-Large,Y
RAVEN SCHOOL,236801,I,Charter School Districts,42,Rural-Distant,Y
RAYMONDVILLE ISD,245903,D,Other Central City Suburban,32,Town-Distant,N
REAGAN COUNTY ISD,192901,H,Rural,33,Town-Remote,N
RED LICK ISD,19911,H,Rural,23,Suburb-Small,N
RED OAK ISD,70911,D,Other Central City Suburban,21,Suburb-Large,N
REDWATER ISD,19906,G,Non-metropolitan Stable,42,Rural-Distant,N
REFUGIO ISD,196903,H,Rural,32,Town-Distant,N
RICARDO ISD,137902,H,Rural,42,Rural-Distant,N
RICE CISD,45903,G,Non-metropolitan Stable,42,Rural-Distant,N
RICE ISD,175911,E,Independent Town,42,Rural-Distant,N
RICHARD MILBURN ALTER HIGH SCHOOL,14801,I,Charter School Districts,12,City-Midsize,Y
RICHARDS ISD,93905,H,Rural,42,Rural-Distant,N
RICHARDSON ISD,57916,B,Major Suburban,11,City-Large,N
RICHLAND COLLEGIATE HIGH SCHOOL,57840,I,Charter School Districts,11,City-Large,Y
RICHLAND SPRINGS ISD,206902,H,Rural,43,Rural-Remote,N
RIESEL ISD,161912,H,Rural,42,Rural-Distant,N
RIO GRANDE CITY CISD,214901,D,Other Central City Suburban,41,Rural-Fringe,N
RIO HONDO ISD,31911,G,Non-metropolitan Stable,31,Town-Fringe,N
RIO VISTA ISD,126907,H,Rural,42,Rural-Distant,N
RISE ACADEMY,152802,I,Charter School Districts,12,City-Midsize,Y
RISING STAR ISD,67908,H,Rural,43,Rural-Remote,N
RIVER ROAD ISD,188902,D,Other Central City Suburban,22,Suburb-Midsize,N
RIVERCREST ISD,194903,H,Rural,43,Rural-Remote,N
RIVIERA ISD,137903,H,Rural,43,Rural-Remote,N
ROBERT LEE ISD,41902,H,Rural,42,Rural-Distant,N
ROBINSON ISD,161922,D,Other Central City Suburban,22,Suburb-Midsize,N
ROBSTOWN ISD,178909,G,Non-metropolitan Stable,31,Town-Fringe,N
ROBY CISD,76903,F,Non-metropolitan Fast Growing,43,Rural-Remote,N
ROCHELLE ISD,160904,H,Rural,42,Rural-Distant,N
ROCKDALE ISD,166904,E,Independent Town,32,Town-Distant,N
ROCKSPRINGS ISD,69901,H,Rural,43,Rural-Remote,N
ROCKWALL ISD,199901,C,Other Central City,21,Suburb-Large,N
ROGERS ISD,14907,H,Rural,42,Rural-Distant,N
ROMA ISD,214903,E,Independent Town,41,Rural-Fringe,N
ROOSEVELT ISD,152908,D,Other Central City Suburban,42,Rural-Distant,N
ROPES ISD,110905,F,Non-metropolitan Fast Growing,42,Rural-Distant,N
ROSCOE COLLEGIATE ISD,177901,F,Non-metropolitan Fast Growing,42,Rural-Distant,N
ROSEBUD-LOTT ISD,73905,H,Rural,42,Rural-Distant,N
ROTAN ISD,76904,H,Rural,43,Rural-Remote,N
ROUND ROCK ISD,246909,B,Major Suburban,12,City-Midsize,N
ROUND TOP-CARMINE ISD,75908,H,Rural,43,Rural-Remote,N
ROXTON ISD,139908,H,Rural,42,Rural-Distant,N
ROYAL ISD,237905,D,Other Central City Suburban,41,Rural-Fringe,N
ROYSE CITY ISD,199902,D,Other Central City Suburban,41,Rural-Fringe,N
RULE ISD,104903,H,Rural,42,Rural-Distant,N
RUNGE ISD,128903,H,Rural,42,Rural-Distant,N
RUSK ISD,37907,G,Non-metropolitan Stable,41,Rural-Fringe,N
S AND S CISD,91914,D,Other Central City Suburban,41,Rural-Fringe,N
SABINAL ISD,232902,H,Rural,43,Rural-Remote,N
SABINE ISD,92906,D,Other Central City Suburban,41,Rural-Fringe,N
SABINE PASS ISD,123913,H,Rural,42,Rural-Distant,N
SAINT JO ISD,169911,H,Rural,43,Rural-Remote,N
SALADO ISD,14908,D,Other Central City Suburban,42,Rural-Distant,N
SALTILLO ISD,112909,H,Rural,42,Rural-Distant,N
SAM HOUSTON STATE UNIVERSITY CHART,236802,I,Charter School Districts,11,City-Large,Y
SAM RAYBURN ISD,74917,H,Rural,42,Rural-Distant,N
SAN ANGELO ISD,226903,C,Other Central City,12,City-Midsize,N
SAN ANTONIO ISD,15907,A,Major Urban,11,City-Large,N
SAN AUGUSTINE ISD,203901,H,Rural,43,Rural-Remote,N
SAN BENITO CISD,31912,D,Other Central City Suburban,22,Suburb-Midsize,N
SAN DIEGO ISD,66902,G,Non-metropolitan Stable,32,Town-Distant,N
SAN ELIZARIO ISD,71904,B,Major Suburban,21,Suburb-Large,N
SAN FELIPE-DEL RIO CISD,233901,E,Independent Town,33,Town-Remote,N
SAN ISIDRO ISD,214902,H,Rural,42,Rural-Distant,N
SAN MARCOS CISD,105902,C,Other Central City,23,Suburb-Small,N
SAN PERLITA ISD,245904,H,Rural,42,Rural-Distant,N
SAN SABA ISD,206901,H,Rural,33,Town-Remote,N
SAN VICENTE ISD,22903,H,Rural,43,Rural-Remote,N
SANDS CISD,58909,H,Rural,43,Rural-Remote,N
SANFORD-FRITCH ISD,117903,H,Rural,32,Town-Distant,N
SANGER ISD,61908,D,Other Central City Suburban,41,Rural-Fringe,N
SANTA ANNA ISD,42903,H,Rural,42,Rural-Distant,N
SANTA FE ISD,84909,D,Other Central City Suburban,22,Suburb-Midsize,N
SANTA GERTRUDIS ISD,137904,F,Non-metropolitan Fast Growing,32,Town-Distant,N
SANTA MARIA ISD,31913,H,Rural,41,Rural-Fringe,N
SANTA ROSA ISD,31914,G,Non-metropolitan Stable,22,Suburb-Midsize,N
SANTO ISD,182904,H,Rural,43,Rural-Remote,N
SAVOY ISD,74911,H,Rural,42,Rural-Distant,N
SCHERTZ-CIBOLO-U CITY ISD,94902,C,Other Central City,21,Suburb-Large,N
SCHLEICHER ISD,207901,H,Rural,43,Rural-Remote,N
SCHOOL OF EXCELLENCE IN EDUCATION,15806,I,Charter School Districts,11,City-Large,Y
SCHOOL OF SCIENCE AND TECHNOLOGY,15827,I,Charter School Districts,11,City-Large,Y
SCHOOL OF SCIENCE AND TECHNOLOGY D,15831,I,Charter School Districts,11,City-Large,Y
SCHULENBURG ISD,75903,H,Rural,33,Town-Remote,N
SCURRY-ROSSER ISD,129910,D,Other Central City Suburban,42,Rural-Distant,N
SEAGRAVES ISD,83901,H,Rural,43,Rural-Remote,N
SEALY ISD,8902,D,Other Central City Suburban,41,Rural-Fringe,N
SEASHORE CHARTER SCHOOLS,178808,I,Charter School Districts,11,City-Large,Y
SEGUIN ISD,94901,D,Other Central City Suburban,31,Town-Fringe,N
SEMINOLE ISD,83903,G,Non-metropolitan Stable,33,Town-Remote,N
SER-NINOS CHARTER SCHOOL,101802,I,Charter School Districts,11,City-Large,Y
SEYMOUR ISD,12901,H,Rural,43,Rural-Remote,N
SHALLOWATER ISD,152909,D,Other Central City Suburban,31,Town-Fringe,N
SHAMROCK ISD,242902,H,Rural,43,Rural-Remote,N
SHARYLAND ISD,108911,D,Other Central City Suburban,13,City-Small,N
SHELBYVILLE ISD,210903,H,Rural,42,Rural-Distant,N
SHELDON ISD,101924,B,Major Suburban,21,Suburb-Large,N
SHEPHERD ISD,204904,E,Independent Town,42,Rural-Distant,N
SHERMAN ISD,91906,C,Other Central City,13,City-Small,N
SHINER ISD,143903,H,Rural,42,Rural-Distant,N
SIDNEY ISD,47905,H,Rural,42,Rural-Distant,N
SIERRA BLANCA ISD,115902,H,Rural,43,Rural-Remote,N
SILSBEE ISD,100904,E,Independent Town,31,Town-Fringe,N
SILVERTON ISD,23902,H,Rural,43,Rural-Remote,N
SIMMS ISD,19909,H,Rural,42,Rural-Distant,N
SINTON ISD,205906,E,Independent Town,32,Town-Distant,N
SIVELLS BEND ISD,49909,H,Rural,43,Rural-Remote,N
SKIDMORE-TYNAN ISD,13905,H,Rural,42,Rural-Distant,N
SLATON ISD,152903,G,Non-metropolitan Stable,31,Town-Fringe,N
SLIDELL ISD,249908,H,Rural,42,Rural-Distant,N
SLOCUM ISD,1909,H,Rural,43,Rural-Remote,N
SMITHVILLE ISD,11904,G,Non-metropolitan Stable,32,Town-Distant,N
SMYER ISD,110906,H,Rural,42,Rural-Distant,N
SNOOK ISD,26903,H,Rural,42,Rural-Distant,N
SNYDER ISD,208902,G,Non-metropolitan Stable,33,Town-Remote,N
SOCORRO ISD,71909,A,Major Urban,11,City-Large,N
SOMERSET ISD,15909,G,Non-metropolitan Stable,41,Rural-Fringe,N
SOMERVILLE ISD,26902,H,Rural,42,Rural-Distant,N
SONORA ISD,218901,H,Rural,33,Town-Remote,N
SOUTH PLAINS ACADEMY CHARTER DISTR,152803,I,Charter School Districts,12,City-Midsize,Y
SOUTH SAN ANTONIO ISD,15908,B,Major Suburban,11,City-Large,N
SOUTH TEXAS ISD,31916,F,Non-metropolitan Fast Growing,41,Rural-Fringe,N
SOUTHLAND ISD,85903,H,Rural,42,Rural-Distant,N
SOUTHSIDE ISD,15917,B,Major Suburban,41,Rural-Fringe,N
SOUTHWEST ISD,15912,B,Major Suburban,41,Rural-Fringe,N
SOUTHWEST PREPARATORY SCHOOL,15807,I,Charter School Districts,11,City-Large,Y
SOUTHWEST SCHOOL,101838,I,Charter School Districts,11,City-Large,Y
SPEARMAN ISD,98904,H,Rural,33,Town-Remote,N
SPLENDORA ISD,170907,D,Other Central City Suburban,41,Rural-Fringe,N
SPRING BRANCH ISD,101920,B,Major Suburban,11,City-Large,N
SPRING CREEK ISD,117907,H,Rural,43,Rural-Remote,N
SPRING HILL ISD,92907,D,Other Central City Suburban,13,City-Small,N
SPRING ISD,101919,B,Major Suburban,21,Suburb-Large,N
SPRINGLAKE-EARTH ISD,140907,H,Rural,43,Rural-Remote,N
SPRINGTOWN ISD,184902,D,Other Central City Suburban,31,Town-Fringe,N
SPUR ISD,63903,H,Rural,43,Rural-Remote,N
SPURGER ISD,229905,H,Rural,43,Rural-Remote,N
ST ANTHONY SCHOOL,57836,I,Charter School Districts,11,City-Large,Y
ST MARY'S ACADEMY CHARTER SCHOOL,13801,I,Charter School Districts,32,Town-Distant,Y
STAFFORD MSD,79910,B,Major Suburban,21,Suburb-Large,N
STAMFORD ISD,127906,H,Rural,32,Town-Distant,N
STANTON ISD,156902,D,Other Central City Suburban,42,Rural-Distant,N
STEP CHARTER SCHOOL,101859,I,Charter School Districts,11,City-Large,Y
STEPHEN F AUSTIN STATE UNIVERSITY,174801,I,Charter School Districts,33,Town-Remote,Y
STEPHENVILLE ISD,72903,E,Independent Town,33,Town-Remote,N
STERLING CITY ISD,216901,H,Rural,43,Rural-Remote,N
STOCKDALE ISD,247906,H,Rural,42,Rural-Distant,N
STRATFORD ISD,211902,H,Rural,43,Rural-Remote,N
STRAWN ISD,182905,H,Rural,43,Rural-Remote,N
SUDAN ISD,140908,H,Rural,43,Rural-Remote,N
SULPHUR BLUFF ISD,112910,H,Rural,43,Rural-Remote,N
SULPHUR SPRINGS ISD,112901,E,Independent Town,33,Town-Remote,N
SUNDOWN ISD,110907,H,Rural,42,Rural-Distant,N
SUNNYVALE ISD,57919,F,Non-metropolitan Fast Growing,41,Rural-Fringe,N
SUNRAY ISD,171902,H,Rural,42,Rural-Distant,N
SWEENY ISD,20906,D,Other Central City Suburban,32,Town-Distant,N
SWEET HOME ISD,143905,H,Rural,42,Rural-Distant,N
SWEETWATER ISD,177902,G,Non-metropolitan Stable,32,Town-Distant,N
TAFT ISD,205907,D,Other Central City Suburban,31,Town-Fringe,N
TAHOKA ISD,153904,H,Rural,32,Town-Distant,N
TARKINGTON ISD,146907,G,Non-metropolitan Stable,42,Rural-Distant,N
TATUM ISD,201910,D,Other Central City Suburban,42,Rural-Distant,N
TAYLOR ISD,246911,D,Other Central City Suburban,41,Rural-Fringe,N
TEAGUE ISD,81904,G,Non-metropolitan Stable,33,Town-Remote,N
TEKOA ACADEMY OF ACCELERATED STUDI,123803,I,Charter School Districts,13,City-Small,Y
TEMPLE ISD,14909,D,Other Central City Suburban,13,City-Small,N
TENAHA ISD,210904,H,Rural,42,Rural-Distant,N
TERLINGUA CSD,22004,H,Rural,43,Rural-Remote,N
TERRELL COUNTY ISD,222901,H,Rural,43,Rural-Remote,N
TERRELL ISD,129906,C,Other Central City,32,Town-Distant,N
TEXANS CAN ACADEMIES,57804,I,Charter School Districts,11,City-Large,Y
TEXARKANA ISD,19907,E,Independent Town,13,City-Small,N
TEXAS CITY ISD,84906,D,Other Central City Suburban,22,Suburb-Midsize,N
TEXAS COLLEGE PREPARATORY ACADEMIE,221801,I,Charter School Districts,21,Suburb-Large,Y
TEXAS EMPOWERMENT ACADEMY,227805,I,Charter School Districts,11,City-Large,Y
TEXAS JUVENILE JUSTICE DEPARTMENT,227622,N/A,N/A,33,Town-Remote,N
TEXAS LEADERSHIP,226801,I,Charter School Districts,12,City-Midsize,Y
TEXAS PREPARATORY SCHOOL,105802,I,Charter School Districts,23,Suburb-Small,Y
TEXAS SCH FOR THE BLIND & VISUALLY,227905,N/A,N/A,11,City-Large,N
TEXAS SCH FOR THE DEAF,227906,N/A,N/A,11,City-Large,N
TEXAS SCHOOL OF THE ARTS,220814,I,Charter School Districts,21,Suburb-Large,Y
TEXAS SERENITY ACADEMY,170801,I,Charter School Districts,21,Suburb-Large,Y
TEXHOMA ISD,211901,H,Rural,43,Rural-Remote,N
TEXLINE ISD,56902,H,Rural,43,Rural-Remote,N
THE EXCEL CENTER,227828,I,Charter School Districts,11,City-Large,Y
THE EXCEL CENTER (FOR ADULTS),227827,I,Charter School Districts,11,City-Large,Y
THE LAWSON ACADEMY,101864,I,Charter School Districts,11,City-Large,Y
THE PRO-VISION ACADEMY,101868,I,Charter School Districts,11,City-Large,Y
THE RHODES SCHOOL,101861,I,Charter School Districts,21,Suburb-Large,Y
THE VARNETT PUBLIC SCHOOL,101814,I,Charter School Districts,11,City-Large,Y
THORNDALE ISD,166905,H,Rural,42,Rural-Distant,N
THRALL ISD,246912,H,Rural,42,Rural-Distant,N
THREE RIVERS ISD,149902,H,Rural,43,Rural-Remote,N
THREE WAY ISD,72901,H,Rural,42,Rural-Distant,N
THROCKMORTON ISD,224901,H,Rural,43,Rural-Remote,N
TIDEHAVEN ISD,158902,F,Non-metropolitan Fast Growing,42,Rural-Distant,N
TIMPSON ISD,210905,H,Rural,43,Rural-Remote,N
TIOGA ISD,91907,F,Non-metropolitan Fast Growing,42,Rural-Distant,N
TOLAR ISD,111903,E,Independent Town,42,Rural-Distant,N
TOM BEAN ISD,91918,H,Rural,42,Rural-Distant,N
TOMBALL ISD,101921,B,Major Suburban,21,Suburb-Large,N
TORNILLO ISD,71908,G,Non-metropolitan Stable,41,Rural-Fringe,N
TREETOPS SCHOOL INTERNATIONAL,220801,I,Charter School Districts,21,Suburb-Large,Y
TRENT ISD,221905,H,Rural,42,Rural-Distant,N
TRENTON ISD,74912,H,Rural,42,Rural-Distant,N
TRINIDAD ISD,107907,H,Rural,42,Rural-Distant,N
TRINITY BASIN PREPARATORY,57813,I,Charter School Districts,11,City-Large,Y
TRINITY CHARTER SCHOOL,46802,I,Charter School Districts,41,Rural-Fringe,Y
TRINITY ENVIRONMENTAL ACADEMY,57849,I,Charter School Districts,11,City-Large,Y
TRINITY ISD,228903,G,Non-metropolitan Stable,32,Town-Distant,N
TRIVIUM ACADEMY,61805,I,Charter School Districts,21,Suburb-Large,Y
TROUP ISD,212904,G,Non-metropolitan Stable,42,Rural-Distant,N
TROY ISD,14910,G,Non-metropolitan Stable,41,Rural-Fringe,N
TULIA ISD,219903,G,Non-metropolitan Stable,33,Town-Remote,N
TULOSO-MIDWAY ISD,178912,D,Other Central City Suburban,11,City-Large,N
TURKEY-QUITAQUE ISD,96905,H,Rural,43,Rural-Remote,N
TWO DIMENSIONS PREPARATORY ACADEMY,101840,I,Charter School Districts,21,Suburb-Large,Y
TYLER ISD,212905,C,Other Central City,12,City-Midsize,N
UME PREPARATORY ACADEMY,57845,I,Charter School Districts,41,Rural-Fringe,Y
UNION GROVE ISD,230908,H,Rural,41,Rural-Fringe,N
UNION HILL ISD,230904,F,Non-metropolitan Fast Growing,42,Rural-Distant,N
UNITED ISD,240903,C,Other Central City,11,City-Large,N
UNIVERSAL ACADEMY,57808,I,Charter School Districts,21,Suburb-Large,Y
UNIVERSITY OF HOUSTON CHARTER SCHO,101807,I,Charter School Districts,11,City-Large,Y
UNIVERSITY OF TEXAS ELEMENTARY CHA,227819,I,Charter School Districts,11,City-Large,Y
UNIVERSITY OF TEXAS UNIVERSITY CHA,227806,I,Charter School Districts,11,City-Large,Y
UPLIFT EDUCATION,57803,I,Charter School Districts,11,City-Large,Y
UT TYLER INNOVATION ACADEMY,212804,I,Charter School Districts,12,City-Midsize,Y
UTOPIA ISD,232904,H,Rural,43,Rural-Remote,N
UTPB STEM ACADEMY,68803,I,Charter School Districts,12,City-Midsize,Y
UVALDE CISD,232903,E,Independent Town,33,Town-Remote,N
VALENTINE ISD,122902,H,Rural,43,Rural-Remote,N
VALLEY MILLS ISD,18904,H,Rural,42,Rural-Distant,N
VALLEY VIEW ISD,49903,H,Rural,42,Rural-Distant,N
VALLEY VIEW ISD,108916,D,Other Central City Suburban,21,Suburb-Large,N
VALOR PUBLIC SCHOOLS,227829,N/A,N/A,N/A,N/A,Y
VAN ALSTYNE ISD,91908,D,Other Central City Suburban,41,Rural-Fringe,N
VAN ISD,234906,D,Other Central City Suburban,32,Town-Distant,N
VAN VLECK ISD,158906,G,Non-metropolitan Stable,41,Rural-Fringe,N
VANGUARD ACADEMY,108808,I,Charter School Districts,21,Suburb-Large,Y
VEGA ISD,180902,H,Rural,43,Rural-Remote,N
VENUS ISD,126908,D,Other Central City Suburban,31,Town-Fringe,N
VERIBEST ISD,226908,H,Rural,42,Rural-Distant,N
VERNON ISD,244903,G,Non-metropolitan Stable,33,Town-Remote,N
VICTORIA ISD,235902,E,Independent Town,13,City-Small,N
VIDOR ISD,181907,D,Other Central City Suburban,22,Suburb-Midsize,N
VILLAGE TECH SCHOOLS,57847,I,Charter School Districts,21,Suburb-Large,Y
VISTA DEL FUTURO CHARTER SCHOOL,71809,I,Charter School Districts,11,City-Large,Y
VYSEHRAD ISD,143904,H,Rural,43,Rural-Remote,N
WACO CHARTER SCHOOL,161801,I,Charter School Districts,12,City-Midsize,Y
WACO ISD,161914,C,Other Central City,12,City-Midsize,N
WAELDER ISD,89905,H,Rural,43,Rural-Remote,N
WALCOTT ISD,59902,H,Rural,43,Rural-Remote,N
WALL ISD,226906,D,Other Central City Suburban,41,Rural-Fringe,N
WALLER ISD,237904,E,Independent Town,42,Rural-Distant,N
WALNUT BEND ISD,49908,H,Rural,42,Rural-Distant,N
WALNUT SPRINGS ISD,18905,H,Rural,43,Rural-Remote,N
WARREN ISD,229904,G,Non-metropolitan Stable,42,Rural-Distant,N
WASKOM ISD,102903,G,Non-metropolitan Stable,42,Rural-Distant,N
WATER VALLEY ISD,226905,F,Non-metropolitan Fast Growing,42,Rural-Distant,N
WAXAHACHIE FAITH FAMILY ACADEMY,70801,I,Charter School Districts,11,City-Large,Y
WAXAHACHIE ISD,70912,C,Other Central City,21,Suburb-Large,N
WAYSIDE SCHOOLS,227803,I,Charter School Districts,11,City-Large,Y
WEATHERFORD ISD,184903,C,Other Central City,31,Town-Fringe,N
WEBB CISD,240904,H,Rural,43,Rural-Remote,N
WEIMAR ISD,45905,H,Rural,42,Rural-Distant,N
WELLINGTON ISD,44902,H,Rural,43,Rural-Remote,N
WELLMAN-UNION CISD,223904,F,Non-metropolitan Fast Growing,42,Rural-Distant,N
WELLS ISD,37909,H,Rural,42,Rural-Distant,N
WESLACO ISD,108913,D,Other Central City Suburban,21,Suburb-Large,N
WEST HARDIN COUNTY CISD,100908,H,Rural,42,Rural-Distant,N
WEST ISD,161916,G,Non-metropolitan Stable,41,Rural-Fringe,N
WEST ORANGE-COVE CISD,181906,G,Non-metropolitan Stable,22,Suburb-Midsize,N
WEST OSO ISD,178915,D,Other Central City Suburban,11,City-Large,N
WEST RUSK COUNTY CONSOLIDATED ISD,201914,G,Non-metropolitan Stable,42,Rural-Distant,N
WEST SABINE ISD,202905,H,Rural,43,Rural-Remote,N
WESTBROOK ISD,168903,H,Rural,42,Rural-Distant,N
WESTHOFF ISD,62905,H,Rural,43,Rural-Remote,N
WESTLAKE ACADEMY CHARTER SCHOOL,220810,I,Charter School Districts,41,Rural-Fringe,Y
WESTPHALIA ISD,73904,H,Rural,42,Rural-Distant,N
WESTWOOD ISD,1908,G,Non-metropolitan Stable,32,Town-Distant,N
WHARTON ISD,241904,G,Non-metropolitan Stable,32,Town-Distant,N
WHEELER ISD,242903,H,Rural,43,Rural-Remote,N
WHITE DEER ISD,33904,H,Rural,43,Rural-Remote,N
WHITE OAK ISD,92908,D,Other Central City Suburban,23,Suburb-Small,N
WHITE SETTLEMENT ISD,220920,B,Major Suburban,41,Rural-Fringe,N
WHITEFACE CISD,40902,H,Rural,43,Rural-Remote,N
WHITEHOUSE ISD,212906,D,Other Central City Suburban,22,Suburb-Midsize,N
WHITESBORO ISD,91909,D,Other Central City Suburban,32,Town-Distant,N
WHITEWRIGHT ISD,91910,H,Rural,42,Rural-Distant,N
WHITHARRAL ISD,110908,H,Rural,42,Rural-Distant,N
WHITNEY ISD,109911,E,Independent Town,42,Rural-Distant,N
WICHITA FALLS ISD,243905,C,Other Central City,12,City-Midsize,N
WILDORADO ISD,180904,H,Rural,42,Rural-Distant,N
WILLIS ISD,170904,D,Other Central City Suburban,41,Rural-Fringe,N
WILLS POINT ISD,234907,D,Other Central City Suburban,32,Town-Distant,N
WILSON ISD,153907,H,Rural,42,Rural-Distant,N
WIMBERLEY ISD,105905,D,Other Central City Suburban,41,Rural-Fringe,N
WINDHAM SCHOOL DISTRICT,236903,N/A,N/A,32,Town-Distant,N
WINDTHORST ISD,5904,H,Rural,42,Rural-Distant,N
WINFIELD ISD,225905,H,Rural,42,Rural-Distant,N
WINFREE ACADEMY CHARTER SCHOOLS,57828,I,Charter School Districts,21,Suburb-Large,Y
WINK-LOVING ISD,248902,H,Rural,42,Rural-Distant,N
WINNSBORO ISD,250907,E,Independent Town,32,Town-Distant,N
WINONA ISD,212910,D,Other Central City Suburban,41,Rural-Fringe,N
WINTERS ISD,200904,H,Rural,32,Town-Distant,N
WODEN ISD,174906,H,Rural,42,Rural-Distant,N
WOLFE CITY ISD,116909,H,Rural,43,Rural-Remote,N
WOODSBORO ISD,196902,H,Rural,42,Rural-Distant,N
WOODSON ISD,224902,H,Rural,43,Rural-Remote,N
WOODVILLE ISD,229903,G,Non-metropolitan Stable,33,Town-Remote,N
WORTHAM ISD,81905,H,Rural,42,Rural-Distant,N
WYLIE ISD,43914,D,Other Central City Suburban,21,Suburb-Large,N
WYLIE ISD,221912,D,Other Central City Suburban,12,City-Midsize,N
YANTIS ISD,250905,H,Rural,43,Rural-Remote,N
YELLOWSTONE COLLEGE PREPARATORY,101873,N/A,N/A,N/A,N/A,Y
YES PREP PUBLIC SCHOOLS INC,101845,I,Charter School Districts,11,City-Large,Y
YOAKUM ISD,62903,G,Non-metropolitan Stable,32,Town-Distant,N
YORKTOWN ISD,62904,H,Rural,43,Rural-Remote,N
YSLETA ISD,71905,A,Major Urban,11,City-Large,N
ZAPATA COUNTY ISD,253901,D,Other Central City Suburban,33,Town-Remote,N
ZAVALLA ISD,3906,H,Rural,43,Rural-Remote,N
ZEPHYR ISD,25906,H,Rural,42,Rural-Distant,N
